symbol,last_updated,total_count
20MICRONS,2026-02-14 10:02:06,2232
21STCENMGM,2026-02-14 10:02:06,2232
360ONE,2026-02-14 10:02:06,2232
3IINFOLTD,2026-02-14 10:02:06,2232
3MINDIA,2026-02-14 10:02:06,2232
3PLAND,2026-02-14 10:02:06,2232
5PAISA,2026-02-14 10:02:06,2232
63MOONS,2026-02-14 10:02:06,2232
A2ZINFRA,2026-02-14 10:02:06,2232
AAATECH,2026-02-14 10:02:06,2232
AADHARHFC,2026-02-14 10:02:06,2232
AAKASH,2026-02-14 10:02:06,2232
AAREYDRUGS,2026-02-14 10:02:06,2232
AARON,2026-02-14 10:02:06,2232
AARTECH,2026-02-14 10:02:06,2232
AARTIDRUGS,2026-02-14 10:02:06,2232
AARTIIND,2026-02-14 10:02:06,2232
AARTIPHARM,2026-02-14 10:02:06,2232
AARTISURF,2026-02-14 10:02:06,2232
AARVI,2026-02-14 10:02:06,2232
AAVAS,2026-02-14 10:02:06,2232
ABAN,2026-02-14 10:02:06,2232
ABB,2026-02-14 10:02:06,2232
ABBOTINDIA,2026-02-14 10:02:06,2232
ABCAPITAL,2026-02-14 10:02:06,2232
ABCOTS,2026-02-14 10:02:06,2232
ABDL,2026-02-14 10:02:06,2232
ABFRL,2026-02-14 10:02:06,2232
ABINFRA,2026-02-14 10:02:06,2232
ABLBL,2026-02-14 10:02:06,2232
ABMINTLLTD,2026-02-14 10:02:06,2232
ABREL,2026-02-14 10:02:06,2232
ABSLAMC,2026-02-14 10:02:06,2232
ACC,2026-02-14 10:02:06,2232
ACCELYA,2026-02-14 10:02:06,2232
ACCURACY,2026-02-14 10:02:06,2232
ACE,2026-02-14 10:02:06,2232
ACEINTEG,2026-02-14 10:02:06,2232
ACI,2026-02-14 10:02:06,2232
ACL,2026-02-14 10:02:06,2232
ACMESOLAR,2026-02-14 10:02:06,2232
ACUTAAS,2026-02-14 10:02:06,2232
ADANIENSOL,2026-02-14 10:02:06,2232
ADANIENT,2026-02-14 10:02:06,2232
ADANIGREEN,2026-02-14 10:02:06,2232
ADANIPORTS,2026-02-14 10:02:06,2232
ADANIPOWER,2026-02-14 10:02:06,2232
ADFFOODS,2026-02-14 10:02:06,2232
ADL,2026-02-14 10:02:06,2232
ADOR,2026-02-14 10:02:06,2232
ADROITINFO,2026-02-14 10:02:06,2232
ADSL,2026-02-14 10:02:06,2232
ADVAIT,2026-02-14 10:02:06,2232
ADVANCE,2026-02-14 10:02:06,2232
ADVANIHOTR,2026-02-14 10:02:06,2232
ADVENTHTL,2026-02-14 10:02:06,2232
ADVENZYMES,2026-02-14 10:02:06,2232
AEGISLOG,2026-02-14 10:02:06,2232
AEGISVOPAK,2026-02-14 10:02:06,2232
AEQUS,2026-02-14 10:02:06,2232
AEROENTER,2026-02-14 10:02:06,2232
AEROFLEX,2026-02-14 10:02:06,2232
AERONEU,2026-02-14 10:02:06,2232
AETHER,2026-02-14 10:02:06,2232
AFCONS,2026-02-14 10:02:06,2232
AFFLE,2026-02-14 10:02:06,2232
AFFORDABLE,2026-02-14 10:02:06,2232
AFIL,2026-02-14 10:02:06,2232
AFSL,2026-02-14 10:02:06,2232
AGARIND,2026-02-14 10:02:06,2232
AGARWALEYE,2026-02-14 10:02:06,2232
AGI,2026-02-14 10:02:06,2232
AGIIL,2026-02-14 10:02:06,2232
AGRITECH,2026-02-14 10:02:06,2232
AGROPHOS,2026-02-14 10:02:06,2232
AGSTRA,2026-02-14 10:02:06,2232
AHCL,2026-02-14 10:02:06,2232
AHLADA,2026-02-14 10:02:06,2232
AHLEAST,2026-02-14 10:02:06,2232
AHLUCONT,2026-02-14 10:02:06,2232
AIAENG,2026-02-14 10:02:06,2232
AIIL,2026-02-14 10:02:06,2232
AIRAN,2026-02-14 10:02:06,2232
AIROLAM,2026-02-14 10:02:06,2232
AJANTPHARM,2026-02-14 10:02:06,2232
AJAXENGG,2026-02-14 10:02:06,2232
AJMERA,2026-02-14 10:02:06,2232
AJOONI,2026-02-14 10:02:06,2232
AKASH,2026-02-14 10:02:06,2232
AKG,2026-02-14 10:02:06,2232
AKI,2026-02-14 10:02:06,2232
AKSHAR,2026-02-14 10:02:06,2232
AKSHARCHEM,2026-02-14 10:02:06,2232
AKSHOPTFBR,2026-02-14 10:02:06,2232
AKUMS,2026-02-14 10:02:06,2232
AKZOINDIA,2026-02-14 10:02:06,2232
ALANKIT,2026-02-14 10:02:06,2232
ALBERTDAVD,2026-02-14 10:02:06,2232
ALEMBICLTD,2026-02-14 10:02:06,2232
ALGOQUANT,2026-02-14 10:02:06,2232
ALICON,2026-02-14 10:02:06,2232
ALIVUS,2026-02-14 10:02:06,2232
ALKALI,2026-02-14 10:02:06,2232
ALKEM,2026-02-14 10:02:06,2232
ALKYLAMINE,2026-02-14 10:02:06,2232
ALLCARGO,2026-02-14 10:02:06,2232
ALLDIGI,2026-02-14 10:02:06,2232
ALLTIME,2026-02-14 10:02:06,2232
ALMONDZ,2026-02-14 10:02:06,2232
ALOKINDS,2026-02-14 10:02:06,2232
ALPA,2026-02-14 10:02:06,2232
ALPHAGEO,2026-02-14 10:02:06,2232
AMAGI,2026-02-14 10:02:06,2232
AMANTA,2026-02-14 10:02:06,2232
AMBER,2026-02-14 10:02:06,2232
AMBICAAGAR,2026-02-14 10:02:06,2232
AMBIKCO,2026-02-14 10:02:06,2232
AMBUJACEM,2026-02-14 10:02:06,2232
AMDIND,2026-02-14 10:02:06,2232
AMJLAND,2026-02-14 10:02:06,2232
AMNPLST,2026-02-14 10:02:06,2232
AMRUTANJAN,2026-02-14 10:02:06,2232
ANANDRATHI,2026-02-14 10:02:06,2232
ANANTRAJ,2026-02-14 10:02:06,2232
ANDHRAPAP,2026-02-14 10:02:06,2232
ANDHRSUGAR,2026-02-14 10:02:06,2232
ANGELONE,2026-02-14 10:02:06,2232
ANIKINDS,2026-02-14 10:02:06,2232
ANKITMETAL,2026-02-14 10:02:06,2232
ANMOL,2026-02-14 10:02:06,2232
ANSALAPI,2026-02-14 10:02:06,2232
ANTELOPUS,2026-02-14 10:02:06,2232
ANTGRAPHIC,2026-02-14 10:02:06,2232
ANTHEM,2026-02-14 10:02:06,2232
ANUHPHR,2026-02-14 10:02:06,2232
ANUP,2026-02-14 10:02:06,2232
ANURAS,2026-02-14 10:02:06,2232
APARINDS,2026-02-14 10:02:06,2232
APCL,2026-02-14 10:02:06,2232
APCOTEXIND,2026-02-14 10:02:06,2232
APEX,2026-02-14 10:02:06,2232
APLAPOLLO,2026-02-14 10:02:06,2232
APLLTD,2026-02-14 10:02:06,2232
APOLLO,2026-02-14 10:02:06,2232
APOLLOHOSP,2026-02-14 10:02:06,2232
APOLLOPIPE,2026-02-14 10:02:06,2232
APOLLOTYRE,2026-02-14 10:02:06,2232
APOLSINHOT,2026-02-14 10:02:06,2232
APTECHT,2026-02-14 10:02:06,2232
APTUS,2026-02-14 10:02:06,2232
AQYLON,2026-02-14 10:02:06,2232
ARCHIDPLY,2026-02-14 10:02:06,2232
ARCHIES,2026-02-14 10:02:06,2232
ARE&M,2026-02-14 10:02:06,2232
ARENTERP,2026-02-14 10:02:06,2232
ARFIN,2026-02-14 10:02:06,2232
ARIES,2026-02-14 10:02:06,2232
ARIHANTCAP,2026-02-14 10:02:06,2232
ARIHANTSUP,2026-02-14 10:02:06,2232
ARIS,2026-02-14 10:02:06,2232
ARKADE,2026-02-14 10:02:06,2232
ARMANFIN,2026-02-14 10:02:06,2232
AROGRANITE,2026-02-14 10:02:06,2232
ARROWGREEN,2026-02-14 10:02:06,2232
ARSHIYA,2026-02-14 10:02:06,2232
ARSSBL,2026-02-14 10:02:06,2232
ARTEMISMED,2026-02-14 10:02:06,2232
ARTNIRMAN,2026-02-14 10:02:06,2232
ARVEE,2026-02-14 10:02:06,2232
ARVIND,2026-02-14 10:02:06,2232
ARVINDFASN,2026-02-14 10:02:06,2232
ARVSMART,2026-02-14 10:02:06,2232
ASAHIINDIA,2026-02-14 10:02:06,2232
ASAHISONG,2026-02-14 10:02:06,2232
ASAL,2026-02-14 10:02:06,2232
ASALCBR,2026-02-14 10:02:06,2232
ASHAPURMIN,2026-02-14 10:02:06,2232
ASHIANA,2026-02-14 10:02:06,2232
ASHIMASYN,2026-02-14 10:02:06,2232
ASHOKA,2026-02-14 10:02:06,2232
ASHOKAMET,2026-02-14 10:02:06,2232
ASHOKLEY,2026-02-14 10:02:06,2232
ASIANENE,2026-02-14 10:02:06,2232
ASIANHOTNR,2026-02-14 10:02:06,2232
ASIANPAINT,2026-02-14 10:02:06,2232
ASIANTILES,2026-02-14 10:02:06,2232
ASKAUTOLTD,2026-02-14 10:02:06,2232
ASMS,2026-02-14 10:02:06,2232
ASPINWALL,2026-02-14 10:02:06,2232
ASTEC,2026-02-14 10:02:06,2232
ASTERDM,2026-02-14 10:02:06,2232
ASTRAL,2026-02-14 10:02:06,2232
ASTRAMICRO,2026-02-14 10:02:06,2232
ASTRAZEN,2026-02-14 10:02:06,2232
ASTRON,2026-02-14 10:02:06,2232
ATALREAL,2026-02-14 10:02:06,2232
ATAM,2026-02-14 10:02:06,2232
ATGL,2026-02-14 10:02:06,2232
ATHERENERG,2026-02-14 10:02:06,2232
ATL,2026-02-14 10:02:06,2232
ATLANTAA,2026-02-14 10:02:06,2232
ATLANTAELE,2026-02-14 10:02:06,2232
ATLASCYCLE,2026-02-14 10:02:06,2232
ATUL,2026-02-14 10:02:06,2232
ATULAUTO,2026-02-14 10:02:06,2232
AUBANK,2026-02-14 10:02:06,2232
AURIGROW,2026-02-14 10:02:06,2232
AURIONPRO,2026-02-14 10:02:06,2232
AUROPHARMA,2026-02-14 10:02:06,2232
AURUM,2026-02-14 10:02:06,2232
AUSOMENT,2026-02-14 10:02:06,2232
AUTOAXLES,2026-02-14 10:02:06,2232
AUTOIND,2026-02-14 10:02:06,2232
AVADHSUGAR,2026-02-14 10:02:06,2232
AVALON,2026-02-14 10:02:06,2232
AVANTEL,2026-02-14 10:02:06,2232
AVANTIFEED,2026-02-14 10:02:06,2232
AVG,2026-02-14 10:02:06,2232
AVL,2026-02-14 10:02:06,2232
AVONMORE,2026-02-14 10:02:06,2232
AVROIND,2026-02-14 10:02:06,2232
AVTNPL,2026-02-14 10:02:06,2232
AWFIS,2026-02-14 10:02:06,2232
AWHCL,2026-02-14 10:02:06,2232
AWL,2026-02-14 10:02:06,2232
AXISBANK,2026-02-14 10:02:06,2232
AXISCADES,2026-02-14 10:02:06,2232
AXITA,2026-02-14 10:02:06,2232
AYMSYNTEX,2026-02-14 10:02:06,2232
AZAD,2026-02-14 10:02:06,2232
BAFNAPH,2026-02-14 10:02:06,2232
BAGFILMS,2026-02-14 10:02:06,2232
BAIDFIN,2026-02-14 10:02:06,2232
BAJAJ-AUTO,2026-02-14 10:02:06,2232
BAJAJCON,2026-02-14 10:02:06,2232
BAJAJELEC,2026-02-14 10:02:06,2232
BAJAJFINSV,2026-02-14 10:02:06,2232
BAJAJHCARE,2026-02-14 10:02:06,2232
BAJAJHFL,2026-02-14 10:02:06,2232
BAJAJHIND,2026-02-14 10:02:06,2232
BAJAJHLDNG,2026-02-14 10:02:06,2232
BAJAJINDEF,2026-02-14 10:02:06,2232
BAJEL,2026-02-14 10:02:06,2232
BAJFINANCE,2026-02-14 10:02:06,2232
BALAJEE,2026-02-14 10:02:06,2232
BALAJITELE,2026-02-14 10:02:06,2232
BALAMINES,2026-02-14 10:02:06,2232
BALAXI,2026-02-14 10:02:06,2232
BALKRISHNA,2026-02-14 10:02:06,2232
BALKRISIND,2026-02-14 10:02:06,2232
BALMLAWRIE,2026-02-14 10:02:06,2232
BALPHARMA,2026-02-14 10:02:06,2232
BALRAMCHIN,2026-02-14 10:02:06,2232
BALUFORGE,2026-02-14 10:02:06,2232
BANARBEADS,2026-02-14 10:02:06,2232
BANARISUG,2026-02-14 10:02:06,2232
BANCOINDIA,2026-02-14 10:02:06,2232
BANDHANBNK,2026-02-14 10:02:06,2232
BANG,2026-02-14 10:02:06,2232
BANKA,2026-02-14 10:02:06,2232
BANKBARODA,2026-02-14 10:02:06,2232
BANKINDIA,2026-02-14 10:02:06,2232
BANSALWIRE,2026-02-14 10:02:06,2232
BANSWRAS,2026-02-14 10:02:06,2232
BASF,2026-02-14 10:02:06,2232
BASML,2026-02-14 10:02:06,2232
BATAINDIA,2026-02-14 10:02:06,2232
BAYERCROP,2026-02-14 10:02:06,2232
BBL,2026-02-14 10:02:06,2232
BBOX,2026-02-14 10:02:06,2232
BBTC,2026-02-14 10:02:06,2232
BBTCL,2026-02-14 10:02:06,2232
BCG,2026-02-14 10:02:06,2232
BCLIND,2026-02-14 10:02:06,2232
BCONCEPTS,2026-02-14 10:02:06,2232
BDL,2026-02-14 10:02:06,2232
BEARDSELL,2026-02-14 10:02:06,2232
BECTORFOOD,2026-02-14 10:02:06,2232
BEDMUTHA,2026-02-14 10:02:06,2232
BEL,2026-02-14 10:02:06,2232
BELLACASA,2026-02-14 10:02:06,2232
BELRISE,2026-02-14 10:02:06,2232
BEML,2026-02-14 10:02:06,2232
BEPL,2026-02-14 10:02:06,2232
BERGEPAINT,2026-02-14 10:02:06,2232
BESTAGRO,2026-02-14 10:02:06,2232
BETA,2026-02-14 10:02:06,2232
BFINVEST,2026-02-14 10:02:06,2232
BFUTILITIE,2026-02-14 10:02:06,2232
BGRENERGY,2026-02-14 10:02:06,2232
BHAGCHEM,2026-02-14 10:02:06,2232
BHAGERIA,2026-02-14 10:02:06,2232
BHAGYANGR,2026-02-14 10:02:06,2232
BHANDARI,2026-02-14 10:02:06,2232
BHARATCOAL,2026-02-14 10:02:06,2232
BHARATFORG,2026-02-14 10:02:06,2232
BHARATGEAR,2026-02-14 10:02:06,2232
BHARATRAS,2026-02-14 10:02:06,2232
BHARATSE,2026-02-14 10:02:06,2232
BHARATWIRE,2026-02-14 10:02:06,2232
BHARTIARTL,2026-02-14 10:02:06,2232
BHARTIHEXA,2026-02-14 10:02:06,2232
BHEL,2026-02-14 10:02:06,2232
BIGBLOC,2026-02-14 10:02:06,2232
BIKAJI,2026-02-14 10:02:06,2232
BIL,2026-02-14 10:02:06,2232
BILVYAPAR,2026-02-14 10:02:06,2232
BIOCON,2026-02-14 10:02:06,2232
BIOFILCHEM,2026-02-14 10:02:06,2232
BIRLACABLE,2026-02-14 10:02:06,2232
BIRLACORPN,2026-02-14 10:02:06,2232
BIRLAMONEY,2026-02-14 10:02:06,2232
BIRLANU,2026-02-14 10:02:06,2232
BLACKBUCK,2026-02-14 10:02:06,2232
BLAL,2026-02-14 10:02:06,2232
BLBLIMITED,2026-02-14 10:02:06,2232
BLISSGVS,2026-02-14 10:02:06,2232
BLKASHYAP,2026-02-14 10:02:06,2232
BLS,2026-02-14 10:02:06,2232
BLSE,2026-02-14 10:02:06,2232
BLUECHIP,2026-02-14 10:02:06,2232
BLUECOAST,2026-02-14 10:02:06,2232
BLUEDART,2026-02-14 10:02:06,2232
BLUEJET,2026-02-14 10:02:06,2232
BLUESTARCO,2026-02-14 10:02:06,2232
BLUESTONE,2026-02-14 10:02:06,2232
BLUSPRING,2026-02-14 10:02:06,2232
BMWVENTLTD,2026-02-14 10:02:06,2232
BODALCHEM,2026-02-14 10:02:06,2232
BOHRAIND,2026-02-14 10:02:06,2232
BOMDYEING,2026-02-14 10:02:06,2232
BORANA,2026-02-14 10:02:06,2232
BOROLTD,2026-02-14 10:02:06,2232
BORORENEW,2026-02-14 10:02:06,2232
BOROSCI,2026-02-14 10:02:06,2232
BOSCH-HCIL,2026-02-14 10:02:06,2232
BOSCHLTD,2026-02-14 10:02:06,2232
BPCL,2026-02-14 10:02:06,2232
BPL,2026-02-14 10:02:06,2232
BRIGADE,2026-02-14 10:02:06,2232
BRIGHOTEL,2026-02-14 10:02:06,2232
BRITANNIA,2026-02-14 10:02:06,2232
BRNL,2026-02-14 10:02:06,2232
BROOKS,2026-02-14 10:02:06,2232
BSE,2026-02-14 10:02:06,2232
BSHSL,2026-02-14 10:02:06,2232
BSL,2026-02-14 10:02:06,2232
BSOFT,2026-02-14 10:02:06,2232
BTML,2026-02-14 10:02:06,2232
BUILDPRO,2026-02-14 10:02:06,2232
BUTTERFLY,2026-02-14 10:02:06,2232
BVCL,2026-02-14 10:02:06,2232
BYKE,2026-02-14 10:02:06,2232
CALSOFT,2026-02-14 10:02:06,2232
CAMLINFINE,2026-02-14 10:02:06,2232
CAMPUS,2026-02-14 10:02:06,2232
CAMS,2026-02-14 10:02:06,2232
CANBK,2026-02-14 10:02:06,2232
CANFINHOME,2026-02-14 10:02:06,2232
CANHLIFE,2026-02-14 10:02:06,2232
CANTABIL,2026-02-14 10:02:06,2232
CAPACITE,2026-02-14 10:02:06,2232
CAPILLARY,2026-02-14 10:02:06,2232
CAPITALSFB,2026-02-14 10:02:06,2232
CAPLIPOINT,2026-02-14 10:02:06,2232
CAPTRUST,2026-02-14 10:02:06,2232
CARBORUNIV,2026-02-14 10:02:06,2232
CARERATING,2026-02-14 10:02:06,2232
CARRARO,2026-02-14 10:02:06,2232
CARTRADE,2026-02-14 10:02:06,2232
CARYSIL,2026-02-14 10:02:06,2232
CASTROLIND,2026-02-14 10:02:06,2232
CCAVENUE,2026-02-14 10:02:06,2232
CCCL,2026-02-14 10:02:06,2232
CCHHL,2026-02-14 10:02:06,2232
CCL,2026-02-14 10:02:06,2232
CDSL,2026-02-14 10:02:06,2232
CEATLTD,2026-02-14 10:02:06,2232
CEIGALL,2026-02-14 10:02:06,2232
CELEBRITY,2026-02-14 10:02:06,2232
CELLO,2026-02-14 10:02:06,2232
CEMPRO,2026-02-14 10:02:06,2232
CENTENKA,2026-02-14 10:02:06,2232
CENTEXT,2026-02-14 10:02:06,2232
CENTRALBK,2026-02-14 10:02:06,2232
CENTRUM,2026-02-14 10:02:06,2232
CENTUM,2026-02-14 10:02:06,2232
CENTURYPLY,2026-02-14 10:02:06,2232
CERA,2026-02-14 10:02:06,2232
CEREBRAINT,2026-02-14 10:02:06,2232
CESC,2026-02-14 10:02:06,2232
CEWATER,2026-02-14 10:02:06,2232
CGCL,2026-02-14 10:02:06,2232
CGPOWER,2026-02-14 10:02:06,2232
CHALET,2026-02-14 10:02:06,2232
CHAMBLFERT,2026-02-14 10:02:06,2232
CHEMBOND,2026-02-14 10:02:06,2232
CHEMBONDCH,2026-02-14 10:02:06,2232
CHEMCON,2026-02-14 10:02:06,2232
CHEMFAB,2026-02-14 10:02:06,2232
CHEMPLASTS,2026-02-14 10:02:06,2232
CHENNPETRO,2026-02-14 10:02:06,2232
CHEVIOT,2026-02-14 10:02:06,2232
CHOICEIN,2026-02-14 10:02:06,2232
CHOLAFIN,2026-02-14 10:02:06,2232
CHOLAHLDNG,2026-02-14 10:02:06,2232
CIEINDIA,2026-02-14 10:02:06,2232
CIFL,2026-02-14 10:02:06,2232
CIGNITITEC,2026-02-14 10:02:06,2232
CINELINE,2026-02-14 10:02:06,2232
CINEVISTA,2026-02-14 10:02:06,2232
CIPLA,2026-02-14 10:02:06,2232
CLEAN,2026-02-14 10:02:06,2232
CLEDUCATE,2026-02-14 10:02:06,2232
CLSEL,2026-02-14 10:02:06,2232
CMSINFO,2026-02-14 10:02:06,2232
CNL,2026-02-14 10:02:06,2232
COALINDIA,2026-02-14 10:02:06,2232
COASTCORP,2026-02-14 10:02:06,2232
COCHINSHIP,2026-02-14 10:02:06,2232
COFFEEDAY,2026-02-14 10:02:06,2232
COFORGE,2026-02-14 10:02:06,2232
COHANCE,2026-02-14 10:02:06,2232
COLPAL,2026-02-14 10:02:06,2232
COMPINFO,2026-02-14 10:02:06,2232
COMPUSOFT,2026-02-14 10:02:06,2232
COMSYN,2026-02-14 10:02:06,2232
CONCOR,2026-02-14 10:02:06,2232
CONCORDBIO,2026-02-14 10:02:06,2232
CONFIPET,2026-02-14 10:02:06,2232
CONSOFINVT,2026-02-14 10:02:06,2232
CONTROLPR,2026-02-14 10:02:06,2232
CORALFINAC,2026-02-14 10:02:06,2232
CORDSCABLE,2026-02-14 10:02:06,2232
COROMANDEL,2026-02-14 10:02:06,2232
CORONA,2026-02-14 10:02:06,2232
COSMOFIRST,2026-02-14 10:02:06,2232
COUNCODOS,2026-02-14 10:02:06,2232
CPCAP,2026-02-14 10:02:06,2232
CPEDU,2026-02-14 10:02:06,2232
CPPLUS,2026-02-14 10:02:06,2232
CRAFTSMAN,2026-02-14 10:02:06,2232
CRAMC,2026-02-14 10:02:06,2232
CREATIVEYE,2026-02-14 10:02:06,2232
CREDITACC,2026-02-14 10:02:06,2232
CREST,2026-02-14 10:02:06,2232
CRISIL,2026-02-14 10:02:06,2232
CRIZAC,2026-02-14 10:02:06,2232
CROMPTON,2026-02-14 10:02:06,2232
CROWN,2026-02-14 10:02:06,2232
CSBBANK,2026-02-14 10:02:06,2232
CSLFINANCE,2026-02-14 10:02:06,2232
CTE,2026-02-14 10:02:06,2232
CUB,2026-02-14 10:02:06,2232
CUBEXTUB,2026-02-14 10:02:06,2232
CUMMINSIND,2026-02-14 10:02:06,2232
CUPID,2026-02-14 10:02:06,2232
CURAA,2026-02-14 10:02:06,2232
CYBERMEDIA,2026-02-14 10:02:06,2232
CYBERTECH,2026-02-14 10:02:06,2232
CYIENT,2026-02-14 10:02:06,2232
CYIENTDLM,2026-02-14 10:02:06,2232
DABUR,2026-02-14 10:02:06,2232
DALBHARAT,2026-02-14 10:02:06,2232
DALMIASUG,2026-02-14 10:02:06,2232
DAMCAPITAL,2026-02-14 10:02:06,2232
DAMODARIND,2026-02-14 10:02:06,2232
DANGEE,2026-02-14 10:02:06,2232
DATAMATICS,2026-02-14 10:02:06,2232
DATAPATTNS,2026-02-14 10:02:06,2232
DAVANGERE,2026-02-14 10:02:06,2232
DBCORP,2026-02-14 10:02:06,2232
DBEIL,2026-02-14 10:02:06,2232
DBL,2026-02-14 10:02:06,2232
DBOL,2026-02-14 10:02:06,2232
DBREALTY,2026-02-14 10:02:06,2232
DBSTOCKBRO,2026-02-14 10:02:06,2232
DCAL,2026-02-14 10:02:06,2232
DCBBANK,2026-02-14 10:02:06,2232
DCI,2026-02-14 10:02:06,2232
DCM,2026-02-14 10:02:06,2232
DCMFINSERV,2026-02-14 10:02:06,2232
DCMNVL,2026-02-14 10:02:06,2232
DCMSHRIRAM,2026-02-14 10:02:06,2232
DCMSRIND,2026-02-14 10:02:06,2232
DCW,2026-02-14 10:02:06,2232
DCXINDIA,2026-02-14 10:02:06,2232
DDEVPLSTIK,2026-02-14 10:02:06,2232
DECCANCE,2026-02-14 10:02:06,2232
DEEDEV,2026-02-14 10:02:06,2232
DEEPAKFERT,2026-02-14 10:02:06,2232
DEEPAKNTR,2026-02-14 10:02:06,2232
DEEPINDS,2026-02-14 10:02:06,2232
DELHIVERY,2026-02-14 10:02:06,2232
DELPHIFX,2026-02-14 10:02:06,2232
DELTACORP,2026-02-14 10:02:06,2232
DELTAMAGNT,2026-02-14 10:02:06,2232
DEN,2026-02-14 10:02:06,2232
DENORA,2026-02-14 10:02:06,2232
DENTA,2026-02-14 10:02:06,2232
DEVIT,2026-02-14 10:02:06,2232
DEVX,2026-02-14 10:02:06,2232
DEVYANI,2026-02-14 10:02:06,2232
DGCONTENT,2026-02-14 10:02:06,2232
DHAMPURSUG,2026-02-14 10:02:06,2232
DHANBANK,2026-02-14 10:02:06,2232
DHANUKA,2026-02-14 10:02:06,2232
DHARAN,2026-02-14 10:02:06,2232
DHARMAJ,2026-02-14 10:02:06,2232
DHRUV,2026-02-14 10:02:06,2232
DHUNINV,2026-02-14 10:02:06,2232
DIACABS,2026-02-14 10:02:06,2232
DIAMINESQ,2026-02-14 10:02:06,2232
DIAMONDYD,2026-02-14 10:02:06,2232
DICIND,2026-02-14 10:02:06,2232
DIFFNKG,2026-02-14 10:02:06,2232
DIGIDRIVE,2026-02-14 10:02:06,2232
DIGISPICE,2026-02-14 10:02:06,2232
DIGITIDE,2026-02-14 10:02:06,2232
DIGJAMLMTD,2026-02-14 10:02:06,2232
DISHTV,2026-02-14 10:02:06,2232
DIVGIITTS,2026-02-14 10:02:06,2232
DIVISLAB,2026-02-14 10:02:06,2232
DIXON,2026-02-14 10:02:06,2232
DJML,2026-02-14 10:02:06,2232
DLF,2026-02-14 10:02:06,2232
DLINKINDIA,2026-02-14 10:02:06,2232
DMART,2026-02-14 10:02:06,2232
DMCC,2026-02-14 10:02:06,2232
DNAMEDIA,2026-02-14 10:02:06,2232
DODLA,2026-02-14 10:02:06,2232
DOLATALGO,2026-02-14 10:02:06,2232
DOLLAR,2026-02-14 10:02:06,2232
DOLPHIN,2026-02-14 10:02:06,2232
DOMS,2026-02-14 10:02:06,2232
DONEAR,2026-02-14 10:02:06,2232
DPABHUSHAN,2026-02-14 10:02:06,2232
DPSCLTD,2026-02-14 10:02:06,2232
DPWIRES,2026-02-14 10:02:06,2232
DRCSYSTEMS,2026-02-14 10:02:06,2232
DREAMFOLKS,2026-02-14 10:02:06,2232
DREDGECORP,2026-02-14 10:02:06,2232
DRREDDY,2026-02-14 10:02:06,2232
DSSL,2026-02-14 10:02:06,2232
DTIL,2026-02-14 10:02:06,2232
DUCON,2026-02-14 10:02:06,2232
DVL,2026-02-14 10:02:06,2232
DWARKESH,2026-02-14 10:02:06,2232
DYCL,2026-02-14 10:02:06,2232
DYNAMATECH,2026-02-14 10:02:06,2232
DYNPRO,2026-02-14 10:02:06,2232
E2E,2026-02-14 10:02:06,2232
EASEMYTRIP,2026-02-14 10:02:06,2232
EASTSILK,2026-02-14 10:02:06,2232
EBGNG,2026-02-14 10:02:06,2232
ECLERX,2026-02-14 10:02:06,2232
ECOSMOBLTY,2026-02-14 10:02:06,2232
EDELWEISS,2026-02-14 10:02:06,2232
EFCIL,2026-02-14 10:02:06,2232
EICHERMOT,2026-02-14 10:02:06,2232
EIDPARRY,2026-02-14 10:02:06,2232
EIEL,2026-02-14 10:02:06,2232
EIFFL,2026-02-14 10:02:06,2232
EIHAHOTELS,2026-02-14 10:02:06,2232
EIHOTEL,2026-02-14 10:02:06,2232
EIMCOELECO,2026-02-14 10:02:06,2232
EKC,2026-02-14 10:02:06,2232
ELDEHSG,2026-02-14 10:02:06,2232
ELECON,2026-02-14 10:02:06,2232
ELECTCAST,2026-02-14 10:02:06,2232
ELECTHERM,2026-02-14 10:02:06,2232
ELGIEQUIP,2026-02-14 10:02:06,2232
ELGIRUBCO,2026-02-14 10:02:06,2232
ELIN,2026-02-14 10:02:06,2232
ELLEN,2026-02-14 10:02:06,2232
EMAMILTD,2026-02-14 10:02:06,2232
EMAMIPAP,2026-02-14 10:02:06,2232
EMAMIREAL,2026-02-14 10:02:06,2232
EMBDL,2026-02-14 10:02:06,2232
EMCURE,2026-02-14 10:02:06,2232
EMIL,2026-02-14 10:02:06,2232
EMKAY,2026-02-14 10:02:06,2232
EMMBI,2026-02-14 10:02:06,2232
EMMVEE,2026-02-14 10:02:06,2232
EMSLIMITED,2026-02-14 10:02:06,2232
EMUDHRA,2026-02-14 10:02:06,2232
ENDURANCE,2026-02-14 10:02:06,2232
ENERGYDEV,2026-02-14 10:02:06,2232
ENGINERSIN,2026-02-14 10:02:06,2232
ENIL,2026-02-14 10:02:06,2232
ENRIN,2026-02-14 10:02:06,2232
ENTERO,2026-02-14 10:02:06,2232
EPACK,2026-02-14 10:02:06,2232
EPACKPEB,2026-02-14 10:02:06,2232
EPIGRAL,2026-02-14 10:02:06,2232
EPL,2026-02-14 10:02:06,2232
EQUIPPP,2026-02-14 10:02:06,2232
EQUITASBNK,2026-02-14 10:02:06,2232
ERIS,2026-02-14 10:02:06,2232
ESABINDIA,2026-02-14 10:02:06,2232
ESAFSFB,2026-02-14 10:02:06,2232
ESCORTS,2026-02-14 10:02:06,2232
ESSARSHPNG,2026-02-14 10:02:06,2232
ESSENTIA,2026-02-14 10:02:06,2232
ESTER,2026-02-14 10:02:06,2232
ETERNAL,2026-02-14 10:02:06,2232
ETHOSLTD,2026-02-14 10:02:06,2232
EUREKAFORB,2026-02-14 10:02:06,2232
EUROBOND,2026-02-14 10:02:06,2232
EUROPRATIK,2026-02-14 10:02:06,2232
EUROTEXIND,2026-02-14 10:02:06,2232
EVEREADY,2026-02-14 10:02:06,2232
EVERESTIND,2026-02-14 10:02:06,2232
EXCEL,2026-02-14 10:02:06,2232
EXCELINDUS,2026-02-14 10:02:06,2232
EXCELSOFT,2026-02-14 10:02:06,2232
EXICOM,2026-02-14 10:02:06,2232
EXIDEIND,2026-02-14 10:02:06,2232
EXPLEOSOL,2026-02-14 10:02:06,2232
EXXARO,2026-02-14 10:02:06,2232
FABTECH,2026-02-14 10:02:06,2232
FACT,2026-02-14 10:02:06,2232
FAIRCHEMOR,2026-02-14 10:02:06,2232
FAZE3Q,2026-02-14 10:02:06,2232
FCL,2026-02-14 10:02:06,2232
FCSSOFT,2026-02-14 10:02:06,2232
FDC,2026-02-14 10:02:06,2232
FEDERALBNK,2026-02-14 10:02:06,2232
FEDFINA,2026-02-14 10:02:06,2232
FEL,2026-02-14 10:02:06,2232
FELDVR,2026-02-14 10:02:06,2232
FIBERWEB,2026-02-14 10:02:06,2232
FIEMIND,2026-02-14 10:02:06,2232
FILATEX,2026-02-14 10:02:06,2232
FILATFASH,2026-02-14 10:02:06,2232
FINCABLES,2026-02-14 10:02:06,2232
FINEORG,2026-02-14 10:02:06,2232
FINKURVE,2026-02-14 10:02:06,2232
FINOPB,2026-02-14 10:02:06,2232
FINPIPE,2026-02-14 10:02:06,2232
FIRSTCRY,2026-02-14 10:02:06,2232
FISCHER,2026-02-14 10:02:06,2232
FIVESTAR,2026-02-14 10:02:06,2232
FLAIR,2026-02-14 10:02:06,2232
FLEXITUFF,2026-02-14 10:02:06,2232
FLFL,2026-02-14 10:02:06,2232
FLUOROCHEM,2026-02-14 10:02:06,2232
FMGOETZE,2026-02-14 10:02:06,2232
FMNL,2026-02-14 10:02:06,2232
FOCUS,2026-02-14 10:02:06,2232
FOODSIN,2026-02-14 10:02:06,2232
FORCEMOT,2026-02-14 10:02:06,2232
FORTIS,2026-02-14 10:02:06,2232
FOSECOIND,2026-02-14 10:02:06,2232
FSL,2026-02-14 10:02:06,2232
FUSION,2026-02-14 10:02:06,2232
GABRIEL,2026-02-14 10:02:06,2232
GAEL,2026-02-14 10:02:06,2232
GAIL,2026-02-14 10:02:06,2232
GALAPREC,2026-02-14 10:02:06,2232
GALAXYSURF,2026-02-14 10:02:06,2232
GALLANTT,2026-02-14 10:02:06,2232
GANDHAR,2026-02-14 10:02:06,2232
GANDHITUBE,2026-02-14 10:02:06,2232
GANECOS,2026-02-14 10:02:06,2232
GANESHBE,2026-02-14 10:02:06,2232
GANESHCP,2026-02-14 10:02:06,2232
GANESHHOU,2026-02-14 10:02:06,2232
GANGAFORGE,2026-02-14 10:02:06,2232
GANGESSECU,2026-02-14 10:02:06,2232
GARFIBRES,2026-02-14 10:02:06,2232
GARUDA,2026-02-14 10:02:06,2232
GATECH,2026-02-14 10:02:06,2232
GATECHDVR,2026-02-14 10:02:06,2232
GATEWAY,2026-02-14 10:02:06,2232
GAYAHWS,2026-02-14 10:02:06,2232
GCSL,2026-02-14 10:02:06,2232
GEECEE,2026-02-14 10:02:06,2232
GEEKAYWIRE,2026-02-14 10:02:06,2232
GEMAROMA,2026-02-14 10:02:06,2232
GENCON,2026-02-14 10:02:06,2232
GENESYS,2026-02-14 10:02:06,2232
GENUSPAPER,2026-02-14 10:02:06,2232
GENUSPOWER,2026-02-14 10:02:06,2232
GEOJITFSL,2026-02-14 10:02:06,2232
GESHIP,2026-02-14 10:02:06,2232
GFLLIMITED,2026-02-14 10:02:06,2232
GHCL,2026-02-14 10:02:06,2232
GHCLTEXTIL,2026-02-14 10:02:06,2232
GICHSGFIN,2026-02-14 10:02:06,2232
GICRE,2026-02-14 10:02:06,2232
GILLANDERS,2026-02-14 10:02:06,2232
GILLETTE,2026-02-14 10:02:06,2232
GINNIFILA,2026-02-14 10:02:06,2232
GIPCL,2026-02-14 10:02:06,2232
GKENERGY,2026-02-14 10:02:06,2232
GKSL,2026-02-14 10:02:06,2232
GKWLIMITED,2026-02-14 10:02:06,2232
GLAND,2026-02-14 10:02:06,2232
GLAXO,2026-02-14 10:02:06,2232
GLENMARK,2026-02-14 10:02:06,2232
GLFL,2026-02-14 10:02:06,2232
GLOBAL,2026-02-14 10:02:06,2232
GLOBALE,2026-02-14 10:02:06,2232
GLOBALVECT,2026-02-14 10:02:06,2232
GLOBE,2026-02-14 10:02:06,2232
GLOBECIVIL,2026-02-14 10:02:06,2232
GLOBUSSPR,2026-02-14 10:02:06,2232
GLOSTERLTD,2026-02-14 10:02:06,2232
GLOTTIS,2026-02-14 10:02:06,2232
GMBREW,2026-02-14 10:02:06,2232
GMDCLTD,2026-02-14 10:02:06,2232
GMMPFAUDLR,2026-02-14 10:02:06,2232
GMRAIRPORT,2026-02-14 10:02:06,2232
GMRP&UI,2026-02-14 10:02:06,2232
GNA,2026-02-14 10:02:06,2232
GNFC,2026-02-14 10:02:06,2232
GOACARBON,2026-02-14 10:02:06,2232
GOCLCORP,2026-02-14 10:02:06,2232
GOCOLORS,2026-02-14 10:02:06,2232
GODAVARIB,2026-02-14 10:02:06,2232
GODFRYPHLP,2026-02-14 10:02:06,2232
GODIGIT,2026-02-14 10:02:06,2232
GODREJAGRO,2026-02-14 10:02:06,2232
GODREJCP,2026-02-14 10:02:06,2232
GODREJIND,2026-02-14 10:02:06,2232
GODREJPROP,2026-02-14 10:02:06,2232
GOKEX,2026-02-14 10:02:06,2232
GOKUL,2026-02-14 10:02:06,2232
GOKULAGRO,2026-02-14 10:02:06,2232
GOLDENTOBC,2026-02-14 10:02:06,2232
GOLDIAM,2026-02-14 10:02:06,2232
GOLDTECH,2026-02-14 10:02:06,2232
GOODLUCK,2026-02-14 10:02:06,2232
GOPAL,2026-02-14 10:02:06,2232
GOYALALUM,2026-02-14 10:02:06,2232
GPIL,2026-02-14 10:02:06,2232
GPPL,2026-02-14 10:02:06,2232
GPTHEALTH,2026-02-14 10:02:06,2232
GPTINFRA,2026-02-14 10:02:06,2232
GRANULES,2026-02-14 10:02:06,2232
GRAPHITE,2026-02-14 10:02:06,2232
GRASIM,2026-02-14 10:02:06,2232
GRAVITA,2026-02-14 10:02:06,2232
GREAVESCOT,2026-02-14 10:02:06,2232
GREENLAM,2026-02-14 10:02:06,2232
GREENPANEL,2026-02-14 10:02:06,2232
GREENPLY,2026-02-14 10:02:06,2232
GREENPOWER,2026-02-14 10:02:06,2232
GRINDWELL,2026-02-14 10:02:06,2232
GRINFRA,2026-02-14 10:02:06,2232
GRMOVER,2026-02-14 10:02:06,2232
GROBTEA,2026-02-14 10:02:06,2232
GROWW,2026-02-14 10:02:06,2232
GRPLTD,2026-02-14 10:02:06,2232
GRSE,2026-02-14 10:02:06,2232
GRWRHITECH,2026-02-14 10:02:06,2232
GSFC,2026-02-14 10:02:06,2232
GSLSU,2026-02-14 10:02:06,2232
GSPL,2026-02-14 10:02:06,2232
GSS,2026-02-14 10:02:06,2232
GTECJAINX,2026-02-14 10:02:06,2232
GTL,2026-02-14 10:02:06,2232
GTLINFRA,2026-02-14 10:02:06,2232
GTPL,2026-02-14 10:02:06,2232
GUFICBIO,2026-02-14 10:02:06,2232
GUJALKALI,2026-02-14 10:02:06,2232
GUJAPOLLO,2026-02-14 10:02:06,2232
GUJGASLTD,2026-02-14 10:02:06,2232
GUJRAFFIA,2026-02-14 10:02:06,2232
GUJTHEM,2026-02-14 10:02:06,2232
GULFOILLUB,2026-02-14 10:02:06,2232
GULFPETRO,2026-02-14 10:02:06,2232
GULPOLY,2026-02-14 10:02:06,2232
GVKPIL,2026-02-14 10:02:06,2232
GVPIL,2026-02-14 10:02:06,2232
GVPTECH,2026-02-14 10:02:06,2232
GVT&D,2026-02-14 10:02:06,2232
HAL,2026-02-14 10:02:06,2232
HALDER,2026-02-14 10:02:06,2232
HALEOSLABS,2026-02-14 10:02:06,2232
HAPPSTMNDS,2026-02-14 10:02:06,2232
HAPPYFORGE,2026-02-14 10:02:06,2232
HARDWYN,2026-02-14 10:02:06,2232
HARIOMPIPE,2026-02-14 10:02:06,2232
HARRMALAYA,2026-02-14 10:02:06,2232
HARSHA,2026-02-14 10:02:06,2232
HATHWAY,2026-02-14 10:02:06,2232
HATSUN,2026-02-14 10:02:06,2232
HAVELLS,2026-02-14 10:02:06,2232
HAVISHA,2026-02-14 10:02:06,2232
HBLENGINE,2026-02-14 10:02:06,2232
HBSL,2026-02-14 10:02:06,2232
HCC,2026-02-14 10:02:06,2232
HCG,2026-02-14 10:02:06,2232
HCL-INSYS,2026-02-14 10:02:06,2232
HCLTECH,2026-02-14 10:02:06,2232
HDBFS,2026-02-14 10:02:06,2232
HDFCAMC,2026-02-14 10:02:06,2232
HDFCBANK,2026-02-14 10:02:06,2232
HDFCLIFE,2026-02-14 10:02:06,2232
HEADSUP,2026-02-14 10:02:06,2232
HECPROJECT,2026-02-14 10:02:06,2232
HEG,2026-02-14 10:02:06,2232
HEIDELBERG,2026-02-14 10:02:06,2232
HEMIPROP,2026-02-14 10:02:06,2232
HERANBA,2026-02-14 10:02:06,2232
HERITGFOOD,2026-02-14 10:02:06,2232
HEROMOTOCO,2026-02-14 10:02:06,2232
HESTERBIO,2026-02-14 10:02:06,2232
HEXATRADEX,2026-02-14 10:02:06,2232
HEXT,2026-02-14 10:02:06,2232
HFCL,2026-02-14 10:02:06,2232
HGINFRA,2026-02-14 10:02:06,2232
HGM,2026-02-14 10:02:06,2232
HGS,2026-02-14 10:02:06,2232
HIKAL,2026-02-14 10:02:06,2232
HILINFRA,2026-02-14 10:02:06,2232
HILTON,2026-02-14 10:02:06,2232
HIMATSEIDE,2026-02-14 10:02:06,2232
HINDALCO,2026-02-14 10:02:06,2232
HINDCOMPOS,2026-02-14 10:02:06,2232
HINDCON,2026-02-14 10:02:06,2232
HINDCOPPER,2026-02-14 10:02:06,2232
HINDOILEXP,2026-02-14 10:02:06,2232
HINDPETRO,2026-02-14 10:02:06,2232
HINDUNILVR,2026-02-14 10:02:06,2232
HINDWAREAP,2026-02-14 10:02:06,2232
HINDZINC,2026-02-14 10:02:06,2232
HIRECT,2026-02-14 10:02:06,2232
HISARMETAL,2026-02-14 10:02:06,2232
HITECH,2026-02-14 10:02:06,2232
HITECHCORP,2026-02-14 10:02:06,2232
HITECHGEAR,2026-02-14 10:02:06,2232
HLEGLAS,2026-02-14 10:02:06,2232
HLVLTD,2026-02-14 10:02:06,2232
HMAAGRO,2026-02-14 10:02:06,2232
HMT,2026-02-14 10:02:06,2232
HMVL,2026-02-14 10:02:06,2232
HNDFDS,2026-02-14 10:02:06,2232
HOMEFIRST,2026-02-14 10:02:06,2232
HONASA,2026-02-14 10:02:06,2232
HONAUT,2026-02-14 10:02:06,2232
HONDAPOWER,2026-02-14 10:02:06,2232
HPAL,2026-02-14 10:02:06,2232
HPIL,2026-02-14 10:02:06,2232
HPL,2026-02-14 10:02:06,2232
HSCL,2026-02-14 10:02:06,2232
HTMEDIA,2026-02-14 10:02:06,2232
HUBTOWN,2026-02-14 10:02:06,2232
HUDCO,2026-02-14 10:02:06,2232
HUHTAMAKI,2026-02-14 10:02:06,2232
HYBRIDFIN,2026-02-14 10:02:06,2232
HYUNDAI,2026-02-14 10:02:06,2232
IBULLSLTD,2026-02-14 10:02:06,2232
ICDSLTD,2026-02-14 10:02:06,2232
ICEMAKE,2026-02-14 10:02:06,2232
ICICIAMC,2026-02-14 10:02:06,2232
ICICIBANK,2026-02-14 10:02:06,2232
ICICIGI,2026-02-14 10:02:06,2232
ICICIPRULI,2026-02-14 10:02:06,2232
ICIL,2026-02-14 10:02:06,2232
ICRA,2026-02-14 10:02:06,2232
IDBI,2026-02-14 10:02:06,2232
IDEA,2026-02-14 10:02:06,2232
IDEAFORGE,2026-02-14 10:02:06,2232
IDFCFIRSTB,2026-02-14 10:02:06,2232
IEX,2026-02-14 10:02:06,2232
IFBAGRO,2026-02-14 10:02:06,2232
IFBIND,2026-02-14 10:02:06,2232
IFCI,2026-02-14 10:02:06,2232
IFGLEXPOR,2026-02-14 10:02:06,2232
IGARASHI,2026-02-14 10:02:06,2232
IGCL,2026-02-14 10:02:06,2232
IGIL,2026-02-14 10:02:06,2232
IGL,2026-02-14 10:02:06,2232
IGPL,2026-02-14 10:02:06,2232
IIFL,2026-02-14 10:02:06,2232
IIFLCAPS,2026-02-14 10:02:06,2232
IITL,2026-02-14 10:02:06,2232
IKIO,2026-02-14 10:02:06,2232
IKS,2026-02-14 10:02:06,2232
IL&FSENGG,2026-02-14 10:02:06,2232
IL&FSTRANS,2026-02-14 10:02:06,2232
IMAGICAA,2026-02-14 10:02:06,2232
IMFA,2026-02-14 10:02:06,2232
IMPAL,2026-02-14 10:02:06,2232
IMPEXFERRO,2026-02-14 10:02:06,2232
INCREDIBLE,2026-02-14 10:02:06,2232
INDBANK,2026-02-14 10:02:06,2232
INDGN,2026-02-14 10:02:06,2232
INDHOTEL,2026-02-14 10:02:06,2232
INDIACEM,2026-02-14 10:02:06,2232
INDIAGLYCO,2026-02-14 10:02:06,2232
INDIAMART,2026-02-14 10:02:06,2232
INDIANB,2026-02-14 10:02:06,2232
INDIANCARD,2026-02-14 10:02:06,2232
INDIANHUME,2026-02-14 10:02:06,2232
INDIASHLTR,2026-02-14 10:02:06,2232
INDIGO,2026-02-14 10:02:06,2232
INDIGOPNTS,2026-02-14 10:02:06,2232
INDIQUBE,2026-02-14 10:02:06,2232
INDNIPPON,2026-02-14 10:02:06,2232
INDOAMIN,2026-02-14 10:02:06,2232
INDOBORAX,2026-02-14 10:02:06,2232
INDOCO,2026-02-14 10:02:06,2232
INDOFARM,2026-02-14 10:02:06,2232
INDORAMA,2026-02-14 10:02:06,2232
INDOSTAR,2026-02-14 10:02:06,2232
INDOTECH,2026-02-14 10:02:06,2232
INDOTHAI,2026-02-14 10:02:06,2232
INDOUS,2026-02-14 10:02:06,2232
INDOWIND,2026-02-14 10:02:06,2232
INDRAMEDCO,2026-02-14 10:02:06,2232
INDSWFTLAB,2026-02-14 10:02:06,2232
INDTERRAIN,2026-02-14 10:02:06,2232
INDUSINDBK,2026-02-14 10:02:06,2232
INDUSTOWER,2026-02-14 10:02:06,2232
INFOBEAN,2026-02-14 10:02:06,2232
INFOMEDIA,2026-02-14 10:02:06,2232
INFY,2026-02-14 10:02:06,2232
INGERRAND,2026-02-14 10:02:06,2232
INNOVACAP,2026-02-14 10:02:06,2232
INNOVANA,2026-02-14 10:02:06,2232
INOXGREEN,2026-02-14 10:02:06,2232
INOXINDIA,2026-02-14 10:02:06,2232
INOXWIND,2026-02-14 10:02:06,2232
INSECTICID,2026-02-14 10:02:06,2232
INSPIRISYS,2026-02-14 10:02:06,2232
INTELLECT,2026-02-14 10:02:06,2232
INTENTECH,2026-02-14 10:02:06,2232
INTERARCH,2026-02-14 10:02:06,2232
INTLCONV,2026-02-14 10:02:06,2232
INVENTURE,2026-02-14 10:02:06,2232
IOB,2026-02-14 10:02:06,2232
IOC,2026-02-14 10:02:06,2232
IOLCP,2026-02-14 10:02:06,2232
IONEXCHANG,2026-02-14 10:02:06,2232
IPCALAB,2026-02-14 10:02:06,2232
IPL,2026-02-14 10:02:06,2232
IRB,2026-02-14 10:02:06,2232
IRCON,2026-02-14 10:02:06,2232
IRCTC,2026-02-14 10:02:06,2232
IREDA,2026-02-14 10:02:06,2232
IRFC,2026-02-14 10:02:06,2232
IRIS,2026-02-14 10:02:06,2232
IRISDOREME,2026-02-14 10:02:06,2232
IRMENERGY,2026-02-14 10:02:06,2232
ISFT,2026-02-14 10:02:06,2232
ISGEC,2026-02-14 10:02:06,2232
ISHANCH,2026-02-14 10:02:06,2232
ITC,2026-02-14 10:02:06,2232
ITCHOTELS,2026-02-14 10:02:06,2232
ITDC,2026-02-14 10:02:06,2232
ITI,2026-02-14 10:02:06,2232
IVALUE,2026-02-14 10:02:06,2232
IVC,2026-02-14 10:02:06,2232
IVP,2026-02-14 10:02:06,2232
IXIGO,2026-02-14 10:02:06,2232
IZMO,2026-02-14 10:02:06,2232
J&KBANK,2026-02-14 10:02:06,2232
JAGRAN,2026-02-14 10:02:06,2232
JAGSNPHARM,2026-02-14 10:02:06,2232
JAIBALAJI,2026-02-14 10:02:06,2232
JAICORPLTD,2026-02-14 10:02:06,2232
JAINREC,2026-02-14 10:02:06,2232
JAIPURKURT,2026-02-14 10:02:06,2232
JAMNAAUTO,2026-02-14 10:02:06,2232
JARO,2026-02-14 10:02:06,2232
JASH,2026-02-14 10:02:06,2232
JAYAGROGN,2026-02-14 10:02:06,2232
JAYBARMARU,2026-02-14 10:02:06,2232
JAYKAY,2026-02-14 10:02:06,2232
JAYNECOIND,2026-02-14 10:02:06,2232
JAYSREETEA,2026-02-14 10:02:06,2232
JBCHEPHARM,2026-02-14 10:02:06,2232
JBMA,2026-02-14 10:02:06,2232
JETFREIGHT,2026-02-14 10:02:06,2232
JGCHEM,2026-02-14 10:02:06,2232
JHS,2026-02-14 10:02:06,2232
JINDALPHOT,2026-02-14 10:02:06,2232
JINDALPOLY,2026-02-14 10:02:06,2232
JINDALSAW,2026-02-14 10:02:06,2232
JINDALSTEL,2026-02-14 10:02:06,2232
JINDRILL,2026-02-14 10:02:06,2232
JINDWORLD,2026-02-14 10:02:06,2232
JIOFIN,2026-02-14 10:02:06,2232
JISLDVREQS,2026-02-14 10:02:06,2232
JISLJALEQS,2026-02-14 10:02:06,2232
JITFINFRA,2026-02-14 10:02:06,2232
JKCEMENT,2026-02-14 10:02:06,2232
JKIL,2026-02-14 10:02:06,2232
JKIPL,2026-02-14 10:02:06,2232
JKLAKSHMI,2026-02-14 10:02:06,2232
JKPAPER,2026-02-14 10:02:06,2232
JKTYRE,2026-02-14 10:02:06,2232
JLHL,2026-02-14 10:02:06,2232
JMA,2026-02-14 10:02:06,2232
JMFINANCIL,2026-02-14 10:02:06,2232
JNKINDIA,2026-02-14 10:02:06,2232
JOCIL,2026-02-14 10:02:06,2232
JPASSOCIAT,2026-02-14 10:02:06,2232
JPOLYINVST,2026-02-14 10:02:06,2232
JPPOWER,2026-02-14 10:02:06,2232
JSFB,2026-02-14 10:02:06,2232
JSL,2026-02-14 10:02:06,2232
JSLL,2026-02-14 10:02:06,2232
JSWCEMENT,2026-02-14 10:02:06,2232
JSWENERGY,2026-02-14 10:02:06,2232
JSWHL,2026-02-14 10:02:06,2232
JSWINFRA,2026-02-14 10:02:06,2232
JSWSTEEL,2026-02-14 10:02:06,2232
JTEKTINDIA,2026-02-14 10:02:06,2232
JTLIND,2026-02-14 10:02:06,2232
JUBLCPL,2026-02-14 10:02:06,2232
JUBLFOOD,2026-02-14 10:02:06,2232
JUBLINGREA,2026-02-14 10:02:06,2232
JUBLPHARMA,2026-02-14 10:02:06,2232
JUNIPER,2026-02-14 10:02:06,2232
JUSTDIAL,2026-02-14 10:02:06,2232
JWL,2026-02-14 10:02:06,2232
JYOTHYLAB,2026-02-14 10:02:06,2232
JYOTICNC,2026-02-14 10:02:06,2232
JYOTISTRUC,2026-02-14 10:02:06,2232
KABRAEXTRU,2026-02-14 10:02:06,2232
KAJARIACER,2026-02-14 10:02:06,2232
KAKATCEM,2026-02-14 10:02:06,2232
KALAMANDIR,2026-02-14 10:02:06,2232
KALPATARU,2026-02-14 10:02:06,2232
KALYANI,2026-02-14 10:02:06,2232
KALYANIFRG,2026-02-14 10:02:06,2232
KALYANKJIL,2026-02-14 10:02:06,2232
KAMATHOTEL,2026-02-14 10:02:06,2232
KAMDHENU,2026-02-14 10:02:06,2232
KAMOPAINTS,2026-02-14 10:02:06,2232
KANANIIND,2026-02-14 10:02:06,2232
KANORICHEM,2026-02-14 10:02:06,2232
KANPRPLA,2026-02-14 10:02:06,2232
KANSAINER,2026-02-14 10:02:06,2232
KAPSTON,2026-02-14 10:02:06,2232
KARMAENG,2026-02-14 10:02:06,2232
KARURVYSYA,2026-02-14 10:02:06,2232
KAUSHALYA,2026-02-14 10:02:06,2232
KAVDEFENCE,2026-02-14 10:02:06,2232
KAYA,2026-02-14 10:02:06,2232
KAYNES,2026-02-14 10:02:06,2232
KCP,2026-02-14 10:02:06,2232
KCPSUGIND,2026-02-14 10:02:06,2232
KDDL,2026-02-14 10:02:06,2232
KEC,2026-02-14 10:02:06,2232
KECL,2026-02-14 10:02:06,2232
KEEPLEARN,2026-02-14 10:02:06,2232
KEI,2026-02-14 10:02:06,2232
KELLTONTEC,2026-02-14 10:02:06,2232
KERNEX,2026-02-14 10:02:06,2232
KESORAMIND,2026-02-14 10:02:06,2232
KEYFINSERV,2026-02-14 10:02:06,2232
KFINTECH,2026-02-14 10:02:06,2232
KHADIM,2026-02-14 10:02:06,2232
KHAICHEM,2026-02-14 10:02:06,2232
KHAITANLTD,2026-02-14 10:02:06,2232
KHANDSE,2026-02-14 10:02:06,2232
KICL,2026-02-14 10:02:06,2232
KILITCH,2026-02-14 10:02:06,2232
KIMS,2026-02-14 10:02:06,2232
KINGFA,2026-02-14 10:02:06,2232
KIOCL,2026-02-14 10:02:06,2232
KIRIINDUS,2026-02-14 10:02:06,2232
KIRLOSBROS,2026-02-14 10:02:06,2232
KIRLOSENG,2026-02-14 10:02:06,2232
KIRLOSIND,2026-02-14 10:02:06,2232
KIRLPNU,2026-02-14 10:02:06,2232
KITEX,2026-02-14 10:02:06,2232
KKCL,2026-02-14 10:02:06,2232
KMEW,2026-02-14 10:02:06,2232
KMSUGAR,2026-02-14 10:02:06,2232
KNAGRI,2026-02-14 10:02:06,2232
KNRCON,2026-02-14 10:02:06,2232
KOHINOOR,2026-02-14 10:02:06,2232
KOKUYOCMLN,2026-02-14 10:02:06,2232
KOLTEPATIL,2026-02-14 10:02:06,2232
KOPRAN,2026-02-14 10:02:06,2232
KOTAKBANK,2026-02-14 10:02:06,2232
KOTARISUG,2026-02-14 10:02:06,2232
KOTHARIPET,2026-02-14 10:02:06,2232
KOTHARIPRO,2026-02-14 10:02:06,2232
KPEL,2026-02-14 10:02:06,2232
KPIGREEN,2026-02-14 10:02:06,2232
KPIL,2026-02-14 10:02:06,2232
KPITTECH,2026-02-14 10:02:06,2232
KPRMILL,2026-02-14 10:02:06,2232
KRBL,2026-02-14 10:02:06,2232
KREBSBIO,2026-02-14 10:02:06,2232
KRIDHANINF,2026-02-14 10:02:06,2232
KRISHANA,2026-02-14 10:02:06,2232
KRISHIVAL,2026-02-14 10:02:06,2232
KRISHNADEF,2026-02-14 10:02:06,2232
KRITI,2026-02-14 10:02:06,2232
KRITIKA,2026-02-14 10:02:06,2232
KRITINUT,2026-02-14 10:02:06,2232
KRN,2026-02-14 10:02:06,2232
KRONOX,2026-02-14 10:02:06,2232
KROSS,2026-02-14 10:02:06,2232
KRSNAA,2026-02-14 10:02:06,2232
KRYSTAL,2026-02-14 10:02:06,2232
KSB,2026-02-14 10:02:06,2232
KSCL,2026-02-14 10:02:06,2232
KSHINTL,2026-02-14 10:02:06,2232
KSHITIJPOL,2026-02-14 10:02:06,2232
KSL,2026-02-14 10:02:06,2232
KSOLVES,2026-02-14 10:02:06,2232
KSR,2026-02-14 10:02:06,2232
KTKBANK,2026-02-14 10:02:06,2232
KUANTUM,2026-02-14 10:02:06,2232
KWIL,2026-02-14 10:02:06,2232
LAGNAM,2026-02-14 10:02:06,2232
LAKPRE,2026-02-14 10:02:06,2232
LAL,2026-02-14 10:02:06,2232
LALPATHLAB,2026-02-14 10:02:06,2232
LAMBODHARA,2026-02-14 10:02:06,2232
LANCORHOL,2026-02-14 10:02:06,2232
LANDMARK,2026-02-14 10:02:06,2232
LAOPALA,2026-02-14 10:02:06,2232
LASA,2026-02-14 10:02:06,2232
LATENTVIEW,2026-02-14 10:02:06,2232
LATTEYS,2026-02-14 10:02:06,2232
LAURUSLABS,2026-02-14 10:02:06,2232
LAXMICOT,2026-02-14 10:02:06,2232
LAXMIDENTL,2026-02-14 10:02:06,2232
LAXMIINDIA,2026-02-14 10:02:06,2232
LCCINFOTEC,2026-02-14 10:02:06,2232
LEMERITE,2026-02-14 10:02:06,2232
LEMONTREE,2026-02-14 10:02:06,2232
LENSKART,2026-02-14 10:02:06,2232
LEXUS,2026-02-14 10:02:06,2232
LFIC,2026-02-14 10:02:06,2232
LGBBROSLTD,2026-02-14 10:02:06,2232
LGEINDIA,2026-02-14 10:02:06,2232
LGHL,2026-02-14 10:02:06,2232
LIBAS,2026-02-14 10:02:06,2232
LIBERTSHOE,2026-02-14 10:02:06,2232
LICHSGFIN,2026-02-14 10:02:06,2232
LICI,2026-02-14 10:02:06,2232
LIKHITHA,2026-02-14 10:02:06,2232
LINC,2026-02-14 10:02:06,2232
LINCOLN,2026-02-14 10:02:06,2232
LINDEINDIA,2026-02-14 10:02:06,2232
LLOYDSENGG,2026-02-14 10:02:06,2232
LLOYDSENT,2026-02-14 10:02:06,2232
LLOYDSME,2026-02-14 10:02:06,2232
LMW,2026-02-14 10:02:06,2232
LODHA,2026-02-14 10:02:06,2232
LOKESHMACH,2026-02-14 10:02:06,2232
LORDSCHLO,2026-02-14 10:02:06,2232
LOTUSDEV,2026-02-14 10:02:06,2232
LOTUSEYE,2026-02-14 10:02:06,2232
LOVABLE,2026-02-14 10:02:06,2232
LOYALTEX,2026-02-14 10:02:06,2232
LPDC,2026-02-14 10:02:06,2232
LT,2026-02-14 10:02:06,2232
LTF,2026-02-14 10:02:06,2232
LTFOODS,2026-02-14 10:02:06,2232
LTIM,2026-02-14 10:02:06,2232
LTTS,2026-02-14 10:02:06,2232
LUMAXIND,2026-02-14 10:02:06,2232
LUMAXTECH,2026-02-14 10:02:06,2232
LUPIN,2026-02-14 10:02:06,2232
LUXIND,2026-02-14 10:02:06,2232
LXCHEM,2026-02-14 10:02:06,2232
LYKALABS,2026-02-14 10:02:06,2232
LYPSAGEMS,2026-02-14 10:02:06,2232
M&M,2026-02-14 10:02:06,2232
M&MFIN,2026-02-14 10:02:06,2232
MAANALU,2026-02-14 10:02:06,2232
MACPOWER,2026-02-14 10:02:06,2232
MADHAV,2026-02-14 10:02:06,2232
MADHUCON,2026-02-14 10:02:06,2232
MADRASFERT,2026-02-14 10:02:06,2232
MAGADSUGAR,2026-02-14 10:02:06,2232
MAGNUM,2026-02-14 10:02:06,2232
MAHABANK,2026-02-14 10:02:06,2232
MAHAPEXLTD,2026-02-14 10:02:06,2232
MAHASTEEL,2026-02-14 10:02:06,2232
MAHEPC,2026-02-14 10:02:06,2232
MAHESHWARI,2026-02-14 10:02:06,2232
MAHLIFE,2026-02-14 10:02:06,2232
MAHLOG,2026-02-14 10:02:06,2232
MAHSCOOTER,2026-02-14 10:02:06,2232
MAHSEAMLES,2026-02-14 10:02:06,2232
MAITHANALL,2026-02-14 10:02:06,2232
MALLCOM,2026-02-14 10:02:06,2232
MALUPAPER,2026-02-14 10:02:06,2232
MAMATA,2026-02-14 10:02:06,2232
MANAKALUCO,2026-02-14 10:02:06,2232
MANAKCOAT,2026-02-14 10:02:06,2232
MANAKSIA,2026-02-14 10:02:06,2232
MANAKSTEEL,2026-02-14 10:02:06,2232
MANALIPETC,2026-02-14 10:02:06,2232
MANAPPURAM,2026-02-14 10:02:06,2232
MANBA,2026-02-14 10:02:06,2232
MANCREDIT,2026-02-14 10:02:06,2232
MANGALAM,2026-02-14 10:02:06,2232
MANGLMCEM,2026-02-14 10:02:06,2232
MANINDS,2026-02-14 10:02:06,2232
MANINFRA,2026-02-14 10:02:06,2232
MANKIND,2026-02-14 10:02:06,2232
MANOMAY,2026-02-14 10:02:06,2232
MANORAMA,2026-02-14 10:02:06,2232
MANORG,2026-02-14 10:02:06,2232
MANUGRAPH,2026-02-14 10:02:06,2232
MANYAVAR,2026-02-14 10:02:06,2232
MAPMYINDIA,2026-02-14 10:02:06,2232
MARALOVER,2026-02-14 10:02:06,2232
MARATHON,2026-02-14 10:02:06,2232
MARICO,2026-02-14 10:02:06,2232
MARINE,2026-02-14 10:02:06,2232
MARKOLINES,2026-02-14 10:02:06,2232
MARKSANS,2026-02-14 10:02:06,2232
MARUTI,2026-02-14 10:02:06,2232
MASFIN,2026-02-14 10:02:06,2232
MASKINVEST,2026-02-14 10:02:06,2232
MASTEK,2026-02-14 10:02:06,2232
MASTERTR,2026-02-14 10:02:06,2232
MATRIMONY,2026-02-14 10:02:06,2232
MAWANASUG,2026-02-14 10:02:06,2232
MAXESTATES,2026-02-14 10:02:06,2232
MAXHEALTH,2026-02-14 10:02:06,2232
MAXIND,2026-02-14 10:02:06,2232
MAYURUNIQ,2026-02-14 10:02:06,2232
MAZDA,2026-02-14 10:02:06,2232
MAZDOCK,2026-02-14 10:02:06,2232
MBAPL,2026-02-14 10:02:06,2232
MBEL,2026-02-14 10:02:06,2232
MBLINFRA,2026-02-14 10:02:06,2232
MCL,2026-02-14 10:02:06,2232
MCLEODRUSS,2026-02-14 10:02:06,2232
MCLOUD,2026-02-14 10:02:06,2232
MCX,2026-02-14 10:02:06,2232
MEDANTA,2026-02-14 10:02:06,2232
MEDIASSIST,2026-02-14 10:02:06,2232
MEDICAMEQ,2026-02-14 10:02:06,2232
MEDICO,2026-02-14 10:02:06,2232
MEDPLUS,2026-02-14 10:02:06,2232
MEESHO,2026-02-14 10:02:06,2232
MEGASTAR,2026-02-14 10:02:06,2232
MEIL,2026-02-14 10:02:06,2232
MENONBE,2026-02-14 10:02:06,2232
MEP,2026-02-14 10:02:06,2232
METROBRAND,2026-02-14 10:02:06,2232
METROPOLIS,2026-02-14 10:02:06,2232
MFML,2026-02-14 10:02:06,2232
MFSL,2026-02-14 10:02:06,2232
MGEL,2026-02-14 10:02:06,2232
MGL,2026-02-14 10:02:06,2232
MHLXMIRU,2026-02-14 10:02:06,2232
MHRIL,2026-02-14 10:02:06,2232
MICEL,2026-02-14 10:02:06,2232
MIDHANI,2026-02-14 10:02:06,2232
MIDWESTLTD,2026-02-14 10:02:06,2232
MINDACORP,2026-02-14 10:02:06,2232
MINDTECK,2026-02-14 10:02:06,2232
MIRCELECTR,2026-02-14 10:02:06,2232
MIRZAINT,2026-02-14 10:02:06,2232
MITCON,2026-02-14 10:02:06,2232
MITTAL,2026-02-14 10:02:06,2232
MKPL,2026-02-14 10:02:06,2232
MMFL,2026-02-14 10:02:06,2232
MMP,2026-02-14 10:02:06,2232
MMTC,2026-02-14 10:02:06,2232
MOBIKWIK,2026-02-14 10:02:06,2232
MODINATUR,2026-02-14 10:02:06,2232
MODIRUBBER,2026-02-14 10:02:06,2232
MODIS,2026-02-14 10:02:06,2232
MODISONLTD,2026-02-14 10:02:06,2232
MODTHREAD,2026-02-14 10:02:06,2232
MOHITIND,2026-02-14 10:02:06,2232
MOIL,2026-02-14 10:02:06,2232
MOKSH,2026-02-14 10:02:06,2232
MOL,2026-02-14 10:02:06,2232
MOLDTECH,2026-02-14 10:02:06,2232
MOLDTKPAC,2026-02-14 10:02:06,2232
MONARCH,2026-02-14 10:02:06,2232
MONEYBOXX,2026-02-14 10:02:06,2232
MONTECARLO,2026-02-14 10:02:06,2232
MORARJEE,2026-02-14 10:02:06,2232
MOREPENLAB,2026-02-14 10:02:06,2232
MOSCHIP,2026-02-14 10:02:06,2232
MOTHERSON,2026-02-14 10:02:06,2232
MOTILALOFS,2026-02-14 10:02:06,2232
MOTISONS,2026-02-14 10:02:06,2232
MOTOGENFIN,2026-02-14 10:02:06,2232
MPHASIS,2026-02-14 10:02:06,2232
MPSLTD,2026-02-14 10:02:06,2232
MRF,2026-02-14 10:02:06,2232
MRPL,2026-02-14 10:02:06,2232
MSPL,2026-02-14 10:02:06,2232
MSTCLTD,2026-02-14 10:02:06,2232
MSUMI,2026-02-14 10:02:06,2232
MTARTECH,2026-02-14 10:02:06,2232
MTEDUCARE,2026-02-14 10:02:06,2232
MTNL,2026-02-14 10:02:06,2232
MUFIN,2026-02-14 10:02:06,2232
MUFTI,2026-02-14 10:02:06,2232
MUKANDLTD,2026-02-14 10:02:06,2232
MUKKA,2026-02-14 10:02:06,2232
MUKTAARTS,2026-02-14 10:02:06,2232
MUNJALAU,2026-02-14 10:02:06,2232
MUNJALSHOW,2026-02-14 10:02:06,2232
MURUDCERA,2026-02-14 10:02:06,2232
MUTHOOTCAP,2026-02-14 10:02:06,2232
MUTHOOTFIN,2026-02-14 10:02:06,2232
MUTHOOTMF,2026-02-14 10:02:06,2232
MVGJL,2026-02-14 10:02:06,2232
MWL,2026-02-14 10:02:06,2232
NACLIND,2026-02-14 10:02:06,2232
NAGAFERT,2026-02-14 10:02:06,2232
NAGREEKCAP,2026-02-14 10:02:06,2232
NAGREEKEXP,2026-02-14 10:02:06,2232
NAHARCAP,2026-02-14 10:02:06,2232
NAHARINDUS,2026-02-14 10:02:06,2232
NAHARPOLY,2026-02-14 10:02:06,2232
NAHARSPING,2026-02-14 10:02:06,2232
NAM-INDIA,2026-02-14 10:02:06,2232
NARMADA,2026-02-14 10:02:06,2232
NATCAPSUQ,2026-02-14 10:02:06,2232
NATCOPHARM,2026-02-14 10:02:06,2232
NATHBIOGEN,2026-02-14 10:02:06,2232
NATIONALUM,2026-02-14 10:02:06,2232
NAUKRI,2026-02-14 10:02:06,2232
NAVA,2026-02-14 10:02:06,2232
NAVINFLUOR,2026-02-14 10:02:06,2232
NAVKARCORP,2026-02-14 10:02:06,2232
NAVKARURB,2026-02-14 10:02:06,2232
NAVNETEDUL,2026-02-14 10:02:06,2232
NAZARA,2026-02-14 10:02:06,2232
NBCC,2026-02-14 10:02:06,2232
NBIFIN,2026-02-14 10:02:06,2232
NCC,2026-02-14 10:02:06,2232
NCLIND,2026-02-14 10:02:06,2232
NDGL,2026-02-14 10:02:06,2232
NDL,2026-02-14 10:02:06,2232
NDLVENTURE,2026-02-14 10:02:06,2232
NDRAUTO,2026-02-14 10:02:06,2232
NDTV,2026-02-14 10:02:06,2232
NECCLTD,2026-02-14 10:02:06,2232
NECLIFE,2026-02-14 10:02:06,2232
NELCAST,2026-02-14 10:02:06,2232
NELCO,2026-02-14 10:02:06,2232
NEOGEN,2026-02-14 10:02:06,2232
NEPHROPLUS,2026-02-14 10:02:06,2232
NESCO,2026-02-14 10:02:06,2232
NESTLEIND,2026-02-14 10:02:06,2232
NETWEB,2026-02-14 10:02:06,2232
NETWORK18,2026-02-14 10:02:06,2232
NEULANDLAB,2026-02-14 10:02:06,2232
NEWGEN,2026-02-14 10:02:06,2232
NEXTMEDIA,2026-02-14 10:02:06,2232
NFL,2026-02-14 10:02:06,2232
NGIL,2026-02-14 10:02:06,2232
NGLFINE,2026-02-14 10:02:06,2232
NH,2026-02-14 10:02:06,2232
NHPC,2026-02-14 10:02:06,2232
NIACL,2026-02-14 10:02:06,2232
NIBE,2026-02-14 10:02:06,2232
NIBL,2026-02-14 10:02:06,2232
NIITLTD,2026-02-14 10:02:06,2232
NIITMTS,2026-02-14 10:02:06,2232
NILAINFRA,2026-02-14 10:02:06,2232
NILASPACES,2026-02-14 10:02:06,2232
NILKAMAL,2026-02-14 10:02:06,2232
NINSYS,2026-02-14 10:02:06,2232
NIPPOBATRY,2026-02-14 10:02:06,2232
NIRAJ,2026-02-14 10:02:06,2232
NIRAJISPAT,2026-02-14 10:02:06,2232
NITCO,2026-02-14 10:02:06,2232
NITINSPIN,2026-02-14 10:02:06,2232
NITIRAJ,2026-02-14 10:02:06,2232
NIVABUPA,2026-02-14 10:02:06,2232
NKIND,2026-02-14 10:02:06,2232
NLCINDIA,2026-02-14 10:02:06,2232
NMDC,2026-02-14 10:02:06,2232
NOCIL,2026-02-14 10:02:06,2232
NOIDATOLL,2026-02-14 10:02:06,2232
NORBTEAEXP,2026-02-14 10:02:06,2232
NORTHARC,2026-02-14 10:02:06,2232
NOVAAGRI,2026-02-14 10:02:06,2232
NPST,2026-02-14 10:02:06,2232
NRAIL,2026-02-14 10:02:06,2232
NRBBEARING,2026-02-14 10:02:06,2232
NRL,2026-02-14 10:02:06,2232
NSIL,2026-02-14 10:02:06,2232
NSLNISP,2026-02-14 10:02:06,2232
NTPC,2026-02-14 10:02:06,2232
NTPCGREEN,2026-02-14 10:02:06,2232
NUCLEUS,2026-02-14 10:02:06,2232
NURECA,2026-02-14 10:02:06,2232
NUVAMA,2026-02-14 10:02:06,2232
NUVOCO,2026-02-14 10:02:06,2232
NYKAA,2026-02-14 10:02:06,2232
OAL,2026-02-14 10:02:06,2232
OBCL,2026-02-14 10:02:06,2232
OBEROIRLTY,2026-02-14 10:02:06,2232
OCCLLTD,2026-02-14 10:02:06,2232
ODIGMA,2026-02-14 10:02:06,2232
OFSS,2026-02-14 10:02:06,2232
OIL,2026-02-14 10:02:06,2232
OILCOUNTUB,2026-02-14 10:02:06,2232
OLAELEC,2026-02-14 10:02:06,2232
OLECTRA,2026-02-14 10:02:06,2232
OMAXAUTO,2026-02-14 10:02:06,2232
OMAXE,2026-02-14 10:02:06,2232
OMFREIGHT,2026-02-14 10:02:06,2232
OMINFRAL,2026-02-14 10:02:06,2232
OMKARCHEM,2026-02-14 10:02:06,2232
ONELIFECAP,2026-02-14 10:02:06,2232
ONEPOINT,2026-02-14 10:02:06,2232
ONESOURCE,2026-02-14 10:02:06,2232
ONGC,2026-02-14 10:02:06,2232
ONMOBILE,2026-02-14 10:02:06,2232
ONWARDTEC,2026-02-14 10:02:06,2232
OPTIEMUS,2026-02-14 10:02:06,2232
ORBTEXP,2026-02-14 10:02:06,2232
ORCHASP,2026-02-14 10:02:06,2232
ORCHPHARMA,2026-02-14 10:02:06,2232
ORICONENT,2026-02-14 10:02:06,2232
ORIENTALTL,2026-02-14 10:02:06,2232
ORIENTBELL,2026-02-14 10:02:06,2232
ORIENTCEM,2026-02-14 10:02:06,2232
ORIENTCER,2026-02-14 10:02:06,2232
ORIENTELEC,2026-02-14 10:02:06,2232
ORIENTHOT,2026-02-14 10:02:06,2232
ORIENTLTD,2026-02-14 10:02:06,2232
ORIENTPPR,2026-02-14 10:02:06,2232
ORIENTTECH,2026-02-14 10:02:06,2232
ORISSAMINE,2026-02-14 10:02:06,2232
ORKLAINDIA,2026-02-14 10:02:06,2232
ORTEL,2026-02-14 10:02:06,2232
ORTINGLOBE,2026-02-14 10:02:06,2232
OSIAHYPER,2026-02-14 10:02:06,2232
OSWALAGRO,2026-02-14 10:02:06,2232
OSWALGREEN,2026-02-14 10:02:06,2232
OSWALPUMPS,2026-02-14 10:02:06,2232
OSWALSEEDS,2026-02-14 10:02:06,2232
PACEDIGITK,2026-02-14 10:02:06,2232
PAGEIND,2026-02-14 10:02:06,2232
PAISALO,2026-02-14 10:02:06,2232
PAKKA,2026-02-14 10:02:06,2232
PALASHSECU,2026-02-14 10:02:06,2232
PALREDTEC,2026-02-14 10:02:06,2232
PANACEABIO,2026-02-14 10:02:06,2232
PANACHE,2026-02-14 10:02:06,2232
PANAMAPET,2026-02-14 10:02:06,2232
PANSARI,2026-02-14 10:02:06,2232
PAR,2026-02-14 10:02:06,2232
PARACABLES,2026-02-14 10:02:06,2232
PARADEEP,2026-02-14 10:02:06,2232
PARAGMILK,2026-02-14 10:02:06,2232
PARAS,2026-02-14 10:02:06,2232
PARASPETRO,2026-02-14 10:02:06,2232
PARKHOSPS,2026-02-14 10:02:06,2232
PARKHOTELS,2026-02-14 10:02:06,2232
PARSVNATH,2026-02-14 10:02:06,2232
PASHUPATI,2026-02-14 10:02:06,2232
PASUPTAC,2026-02-14 10:02:06,2232
PATANJALI,2026-02-14 10:02:06,2232
PATELENG,2026-02-14 10:02:06,2232
PATELRMART,2026-02-14 10:02:06,2232
PATINTLOG,2026-02-14 10:02:06,2232
PAUSHAKLTD,2026-02-14 10:02:06,2232
PAVNAIND,2026-02-14 10:02:06,2232
PAYTM,2026-02-14 10:02:06,2232
PCBL,2026-02-14 10:02:06,2232
PCJEWELLER,2026-02-14 10:02:06,2232
PDMJEPAPER,2026-02-14 10:02:06,2232
PDSL,2026-02-14 10:02:06,2232
PEARLPOLY,2026-02-14 10:02:06,2232
PENIND,2026-02-14 10:02:06,2232
PENINLAND,2026-02-14 10:02:06,2232
PERSISTENT,2026-02-14 10:02:06,2232
PETRONET,2026-02-14 10:02:06,2232
PFC,2026-02-14 10:02:06,2232
PFIZER,2026-02-14 10:02:06,2232
PFOCUS,2026-02-14 10:02:06,2232
PFS,2026-02-14 10:02:06,2232
PGEL,2026-02-14 10:02:06,2232
PGHH,2026-02-14 10:02:06,2232
PGHL,2026-02-14 10:02:06,2232
PGIL,2026-02-14 10:02:06,2232
PHOENIXLTD,2026-02-14 10:02:06,2232
PICCADIL,2026-02-14 10:02:06,2232
PIDILITIND,2026-02-14 10:02:06,2232
PIGL,2026-02-14 10:02:06,2232
PIIND,2026-02-14 10:02:06,2232
PILANIINVS,2026-02-14 10:02:06,2232
PILITA,2026-02-14 10:02:06,2232
PINELABS,2026-02-14 10:02:06,2232
PIONEEREMB,2026-02-14 10:02:06,2232
PIRAMALFIN,2026-02-14 10:02:06,2232
PITTIENG,2026-02-14 10:02:06,2232
PIXTRANS,2026-02-14 10:02:06,2232
PKTEA,2026-02-14 10:02:06,2232
PLASTIBLEN,2026-02-14 10:02:06,2232
PLATIND,2026-02-14 10:02:06,2232
PLAZACABLE,2026-02-14 10:02:06,2232
PNB,2026-02-14 10:02:06,2232
PNBGILTS,2026-02-14 10:02:06,2232
PNBHOUSING,2026-02-14 10:02:06,2232
PNC,2026-02-14 10:02:06,2232
PNCINFRA,2026-02-14 10:02:06,2232
PNGJL,2026-02-14 10:02:06,2232
POCL,2026-02-14 10:02:06,2232
PODDARMENT,2026-02-14 10:02:06,2232
POKARNA,2026-02-14 10:02:06,2232
POLICYBZR,2026-02-14 10:02:06,2232
POLYCAB,2026-02-14 10:02:06,2232
POLYMED,2026-02-14 10:02:06,2232
POLYPLEX,2026-02-14 10:02:06,2232
PONNIERODE,2026-02-14 10:02:06,2232
POONAWALLA,2026-02-14 10:02:06,2232
POWERGRID,2026-02-14 10:02:06,2232
POWERINDIA,2026-02-14 10:02:06,2232
POWERMECH,2026-02-14 10:02:06,2232
PPAP,2026-02-14 10:02:06,2232
PPL,2026-02-14 10:02:06,2232
PPLPHARMA,2026-02-14 10:02:06,2232
PRABHA,2026-02-14 10:02:06,2232
PRAENG,2026-02-14 10:02:06,2232
PRAJIND,2026-02-14 10:02:06,2232
PRAKASH,2026-02-14 10:02:06,2232
PRAKASHSTL,2026-02-14 10:02:06,2232
PRAXIS,2026-02-14 10:02:06,2232
PRECAM,2026-02-14 10:02:06,2232
PRECOT,2026-02-14 10:02:06,2232
PRECWIRE,2026-02-14 10:02:06,2232
PREMEXPLN,2026-02-14 10:02:06,2232
PREMIER,2026-02-14 10:02:06,2232
PREMIERENE,2026-02-14 10:02:06,2232
PREMIERPOL,2026-02-14 10:02:06,2232
PRESTIGE,2026-02-14 10:02:06,2232
PRICOLLTD,2026-02-14 10:02:06,2232
PRIMESECU,2026-02-14 10:02:06,2232
PRIMO,2026-02-14 10:02:06,2232
PRINCEPIPE,2026-02-14 10:02:06,2232
PRITI,2026-02-14 10:02:06,2232
PRITIKAUTO,2026-02-14 10:02:06,2232
PRIVISCL,2026-02-14 10:02:06,2232
PROSTARM,2026-02-14 10:02:06,2232
PROTEAN,2026-02-14 10:02:06,2232
PROZONER,2026-02-14 10:02:06,2232
PRSMJOHNSN,2026-02-14 10:02:06,2232
PRUDENT,2026-02-14 10:02:06,2232
PRUDMOULI,2026-02-14 10:02:06,2232
PSB,2026-02-14 10:02:06,2232
PSPPROJECT,2026-02-14 10:02:06,2232
PTC,2026-02-14 10:02:06,2232
PTCIL,2026-02-14 10:02:06,2232
PTL,2026-02-14 10:02:06,2232
PUNJABCHEM,2026-02-14 10:02:06,2232
PURVA,2026-02-14 10:02:06,2232
PVP,2026-02-14 10:02:06,2232
PVRINOX,2026-02-14 10:02:06,2232
PVSL,2026-02-14 10:02:06,2232
PWL,2026-02-14 10:02:06,2232
PYRAMID,2026-02-14 10:02:06,2232
QPOWER,2026-02-14 10:02:06,2232
QUADFUTURE,2026-02-14 10:02:06,2232
QUESS,2026-02-14 10:02:06,2232
QUICKHEAL,2026-02-14 10:02:06,2232
RACE,2026-02-14 10:02:06,2232
RACLGEAR,2026-02-14 10:02:06,2232
RADAAN,2026-02-14 10:02:06,2232
RADHIKAJWE,2026-02-14 10:02:06,2232
RADIANTCMS,2026-02-14 10:02:06,2232
RADICO,2026-02-14 10:02:06,2232
RADIOCITY,2026-02-14 10:02:06,2232
RAILTEL,2026-02-14 10:02:06,2232
RAIN,2026-02-14 10:02:06,2232
RAINBOW,2026-02-14 10:02:06,2232
RAJESHEXPO,2026-02-14 10:02:06,2232
RAJMET,2026-02-14 10:02:06,2232
RAJOOENG,2026-02-14 10:02:06,2232
RAJRATAN,2026-02-14 10:02:06,2232
RAJRILTD,2026-02-14 10:02:06,2232
RAJSREESUG,2026-02-14 10:02:06,2232
RAJTV,2026-02-14 10:02:06,2232
RALLIS,2026-02-14 10:02:06,2232
RAMANEWS,2026-02-14 10:02:06,2232
RAMAPHO,2026-02-14 10:02:06,2232
RAMASTEEL,2026-02-14 10:02:06,2232
RAMCOCEM,2026-02-14 10:02:06,2232
RAMCOIND,2026-02-14 10:02:06,2232
RAMCOSYS,2026-02-14 10:02:06,2232
RAMKY,2026-02-14 10:02:06,2232
RAMRAT,2026-02-14 10:02:06,2232
RANASUG,2026-02-14 10:02:06,2232
RANEHOLDIN,2026-02-14 10:02:06,2232
RATEGAIN,2026-02-14 10:02:06,2232
RATNAMANI,2026-02-14 10:02:06,2232
RATNAVEER,2026-02-14 10:02:06,2232
RAYMOND,2026-02-14 10:02:06,2232
RAYMONDLSL,2026-02-14 10:02:06,2232
RAYMONDREL,2026-02-14 10:02:06,2232
RBA,2026-02-14 10:02:06,2232
RBLBANK,2026-02-14 10:02:06,2232
RBZJEWEL,2026-02-14 10:02:06,2232
RCF,2026-02-14 10:02:06,2232
RCOM,2026-02-14 10:02:06,2232
RECLTD,2026-02-14 10:02:06,2232
REDINGTON,2026-02-14 10:02:06,2232
REDTAPE,2026-02-14 10:02:06,2232
REFEX,2026-02-14 10:02:06,2232
REGAAL,2026-02-14 10:02:06,2232
REGENCERAM,2026-02-14 10:02:06,2232
RELAXO,2026-02-14 10:02:06,2232
RELCHEMQ,2026-02-14 10:02:06,2232
RELIABLE,2026-02-14 10:02:06,2232
RELIANCE,2026-02-14 10:02:06,2232
RELIGARE,2026-02-14 10:02:06,2232
RELINFRA,2026-02-14 10:02:06,2232
RELTD,2026-02-14 10:02:06,2232
REMSONSIND,2026-02-14 10:02:06,2232
RENUKA,2026-02-14 10:02:06,2232
REPCOHOME,2026-02-14 10:02:06,2232
REPL,2026-02-14 10:02:06,2232
REPRO,2026-02-14 10:02:06,2232
RESPONIND,2026-02-14 10:02:06,2232
RETAIL,2026-02-14 10:02:06,2232
RGL,2026-02-14 10:02:06,2232
RHETAN,2026-02-14 10:02:06,2232
RHFL,2026-02-14 10:02:06,2232
RHIM,2026-02-14 10:02:06,2232
RHL,2026-02-14 10:02:06,2232
RICOAUTO,2026-02-14 10:02:06,2232
RIIL,2026-02-14 10:02:06,2232
RISHABH,2026-02-14 10:02:06,2232
RITCO,2026-02-14 10:02:06,2232
RITES,2026-02-14 10:02:06,2232
RKDL,2026-02-14 10:02:06,2232
RKEC,2026-02-14 10:02:06,2232
RKFORGE,2026-02-14 10:02:06,2232
RKSWAMY,2026-02-14 10:02:06,2232
RMDRIP,2026-02-14 10:02:06,2232
RML,2026-02-14 10:02:06,2232
RNBDENIMS,2026-02-14 10:02:06,2232
ROHLTD,2026-02-14 10:02:06,2232
ROLEXRINGS,2026-02-14 10:02:06,2232
ROLLT,2026-02-14 10:02:06,2232
ROML,2026-02-14 10:02:06,2232
ROSSARI,2026-02-14 10:02:06,2232
ROSSELLIND,2026-02-14 10:02:06,2232
ROSSTECH,2026-02-14 10:02:06,2232
ROTO,2026-02-14 10:02:06,2232
ROUTE,2026-02-14 10:02:06,2232
RPEL,2026-02-14 10:02:06,2232
RPGLIFE,2026-02-14 10:02:06,2232
RPOWER,2026-02-14 10:02:06,2232
RPPINFRA,2026-02-14 10:02:06,2232
RPPL,2026-02-14 10:02:06,2232
RPSGVENT,2026-02-14 10:02:06,2232
RPTECH,2026-02-14 10:02:06,2232
RRKABEL,2026-02-14 10:02:06,2232
RSSOFTWARE,2026-02-14 10:02:06,2232
RSWM,2026-02-14 10:02:06,2232
RSYSTEMS,2026-02-14 10:02:06,2232
RTNINDIA,2026-02-14 10:02:06,2232
RTNPOWER,2026-02-14 10:02:06,2232
RUBFILA,2026-02-14 10:02:06,2232
RUBICON,2026-02-14 10:02:06,2232
RUBYMILLS,2026-02-14 10:02:06,2232
RUCHINFRA,2026-02-14 10:02:06,2232
RUCHIRA,2026-02-14 10:02:06,2232
RUDRA,2026-02-14 10:02:06,2232
RUPA,2026-02-14 10:02:06,2232
RUSHIL,2026-02-14 10:02:06,2232
RUSTOMJEE,2026-02-14 10:02:06,2232
RVHL,2026-02-14 10:02:06,2232
RVNL,2026-02-14 10:02:06,2232
RVTH,2026-02-14 10:02:06,2232
S&SPOWER,2026-02-14 10:02:06,2232
SAATVIKGL,2026-02-14 10:02:06,2232
SABEVENTS,2026-02-14 10:02:06,2232
SADBHAV,2026-02-14 10:02:06,2232
SADBHIN,2026-02-14 10:02:06,2232
SADHNANIQ,2026-02-14 10:02:06,2232
SAFARI,2026-02-14 10:02:06,2232
SAGARDEEP,2026-02-14 10:02:06,2232
SAGCEM,2026-02-14 10:02:06,2232
SAGILITY,2026-02-14 10:02:06,2232
SAHYADRI,2026-02-14 10:02:06,2232
SAIL,2026-02-14 10:02:06,2232
SAILIFE,2026-02-14 10:02:06,2232
SAKAR,2026-02-14 10:02:06,2232
SAKHTISUG,2026-02-14 10:02:06,2232
SAKSOFT,2026-02-14 10:02:06,2232
SAKUMA,2026-02-14 10:02:06,2232
SALASAR,2026-02-14 10:02:06,2232
SALONA,2026-02-14 10:02:06,2232
SALSTEEL,2026-02-14 10:02:06,2232
SALZERELEC,2026-02-14 10:02:06,2232
SAMBHAAV,2026-02-14 10:02:06,2232
SAMBHV,2026-02-14 10:02:06,2232
SAMHI,2026-02-14 10:02:06,2232
SAMMAANCAP,2026-02-14 10:02:06,2232
SAMPANN,2026-02-14 10:02:06,2232
SANATHAN,2026-02-14 10:02:06,2232
SANCO,2026-02-14 10:02:06,2232
SANDESH,2026-02-14 10:02:06,2232
SANDHAR,2026-02-14 10:02:06,2232
SANDUMA,2026-02-14 10:02:06,2232
SANGAMIND,2026-02-14 10:02:06,2232
SANGHIIND,2026-02-14 10:02:06,2232
SANGHVIMOV,2026-02-14 10:02:06,2232
SANGINITA,2026-02-14 10:02:06,2232
SANOFI,2026-02-14 10:02:06,2232
SANOFICONR,2026-02-14 10:02:06,2232
SANSERA,2026-02-14 10:02:06,2232
SANSTAR,2026-02-14 10:02:06,2232
SANWARIA,2026-02-14 10:02:06,2232
SAPPHIRE,2026-02-14 10:02:06,2232
SARDAEN,2026-02-14 10:02:06,2232
SAREGAMA,2026-02-14 10:02:06,2232
SARLAPOLY,2026-02-14 10:02:06,2232
SARVESHWAR,2026-02-14 10:02:06,2232
SASKEN,2026-02-14 10:02:06,2232
SASTASUNDR,2026-02-14 10:02:06,2232
SATIA,2026-02-14 10:02:06,2232
SATIN,2026-02-14 10:02:06,2232
SAURASHCEM,2026-02-14 10:02:06,2232
SBC,2026-02-14 10:02:06,2232
SBCL,2026-02-14 10:02:06,2232
SBFC,2026-02-14 10:02:06,2232
SBGLP,2026-02-14 10:02:06,2232
SBICARD,2026-02-14 10:02:06,2232
SBILIFE,2026-02-14 10:02:06,2232
SBIN,2026-02-14 10:02:06,2232
SCHAEFFLER,2026-02-14 10:02:06,2232
SCHAND,2026-02-14 10:02:06,2232
SCHNEIDER,2026-02-14 10:02:06,2232
SCI,2026-02-14 10:02:06,2232
SCILAL,2026-02-14 10:02:06,2232
SCODATUBES,2026-02-14 10:02:06,2232
SCPL,2026-02-14 10:02:06,2232
SDBL,2026-02-14 10:02:06,2232
SEAMECLTD,2026-02-14 10:02:06,2232
SECMARK,2026-02-14 10:02:06,2232
SECURKLOUD,2026-02-14 10:02:06,2232
SEJALLTD,2026-02-14 10:02:06,2232
SELMC,2026-02-14 10:02:06,2232
SEMAC,2026-02-14 10:02:06,2232
SENCO,2026-02-14 10:02:06,2232
SENORES,2026-02-14 10:02:06,2232
SEPC,2026-02-14 10:02:06,2232
SERVOTECH,2026-02-14 10:02:06,2232
SESHAPAPER,2026-02-14 10:02:06,2232
SETCO,2026-02-14 10:02:06,2232
SETL,2026-02-14 10:02:06,2232
SETUINFRA,2026-02-14 10:02:06,2232
SEYAIND,2026-02-14 10:02:06,2232
SFL,2026-02-14 10:02:06,2232
SGFIN,2026-02-14 10:02:06,2232
SGIL,2026-02-14 10:02:06,2232
SGL,2026-02-14 10:02:06,2232
SGMART,2026-02-14 10:02:06,2232
SHADOWFAX,2026-02-14 10:02:06,2232
SHAH,2026-02-14 10:02:06,2232
SHAHALLOYS,2026-02-14 10:02:06,2232
SHAILY,2026-02-14 10:02:06,2232
SHAKTIPUMP,2026-02-14 10:02:06,2232
SHALBY,2026-02-14 10:02:06,2232
SHALPAINTS,2026-02-14 10:02:06,2232
SHANKARA,2026-02-14 10:02:06,2232
SHANTI,2026-02-14 10:02:06,2232
SHANTIGEAR,2026-02-14 10:02:06,2232
SHANTIGOLD,2026-02-14 10:02:06,2232
SHARDACROP,2026-02-14 10:02:06,2232
SHARDAMOTR,2026-02-14 10:02:06,2232
SHAREINDIA,2026-02-14 10:02:06,2232
SHEKHAWATI,2026-02-14 10:02:06,2232
SHEMAROO,2026-02-14 10:02:06,2232
SHILCTECH,2026-02-14 10:02:06,2232
SHILPAMED,2026-02-14 10:02:06,2232
SHIVALIK,2026-02-14 10:02:06,2232
SHIVAMAUTO,2026-02-14 10:02:06,2232
SHIVAMILLS,2026-02-14 10:02:06,2232
SHIVATEX,2026-02-14 10:02:06,2232
SHIVAUM,2026-02-14 10:02:06,2232
SHK,2026-02-14 10:02:06,2232
SHOPERSTOP,2026-02-14 10:02:06,2232
SHRADHA,2026-02-14 10:02:06,2232
SHREDIGCEM,2026-02-14 10:02:06,2232
SHREECEM,2026-02-14 10:02:06,2232
SHREEJISPG,2026-02-14 10:02:06,2232
SHREEPUSHK,2026-02-14 10:02:06,2232
SHREERAMA,2026-02-14 10:02:06,2232
SHRENIK,2026-02-14 10:02:06,2232
SHREYANIND,2026-02-14 10:02:06,2232
SHRINGARMS,2026-02-14 10:02:06,2232
SHRIPISTON,2026-02-14 10:02:06,2232
SHRIRAMFIN,2026-02-14 10:02:06,2232
SHRIRAMPPS,2026-02-14 10:02:06,2232
SHYAMCENT,2026-02-14 10:02:06,2232
SHYAMMETL,2026-02-14 10:02:06,2232
SHYAMTEL,2026-02-14 10:02:06,2232
SICALLOG,2026-02-14 10:02:06,2232
SIEMENS,2026-02-14 10:02:06,2232
SIGACHI,2026-02-14 10:02:06,2232
SIGIND,2026-02-14 10:02:06,2232
SIGMA,2026-02-14 10:02:06,2232
SIGMAADV,2026-02-14 10:02:06,2232
SIGNATURE,2026-02-14 10:02:06,2232
SIGNPOST,2026-02-14 10:02:06,2232
SIKKO,2026-02-14 10:02:06,2232
SIL,2026-02-14 10:02:06,2232
SILGO,2026-02-14 10:02:06,2232
SILINV,2026-02-14 10:02:06,2232
SILLYMONKS,2026-02-14 10:02:06,2232
SILVERTUC,2026-02-14 10:02:06,2232
SIMBHALS,2026-02-14 10:02:06,2232
SIMPLEXINF,2026-02-14 10:02:06,2232
SINCLAIR,2026-02-14 10:02:06,2232
SINDHUTRAD,2026-02-14 10:02:06,2232
SINTERCOM,2026-02-14 10:02:06,2232
SIRCA,2026-02-14 10:02:06,2232
SIS,2026-02-14 10:02:06,2232
SITINET,2026-02-14 10:02:06,2232
SIYSIL,2026-02-14 10:02:06,2232
SJS,2026-02-14 10:02:06,2232
SJVN,2026-02-14 10:02:06,2232
SKFINDIA,2026-02-14 10:02:06,2232
SKFINDUS,2026-02-14 10:02:06,2232
SKIPPER,2026-02-14 10:02:06,2232
SKMEGGPROD,2026-02-14 10:02:06,2232
SKYGOLD,2026-02-14 10:02:06,2232
SMARTLINK,2026-02-14 10:02:06,2232
SMARTWORKS,2026-02-14 10:02:06,2232
SMCGLOBAL,2026-02-14 10:02:06,2232
SMLMAH,2026-02-14 10:02:06,2232
SMLT,2026-02-14 10:02:06,2232
SMSPHARMA,2026-02-14 10:02:06,2232
SNOWMAN,2026-02-14 10:02:06,2232
SOBHA,2026-02-14 10:02:06,2232
SOFTTECH,2026-02-14 10:02:06,2232
SOLARA,2026-02-14 10:02:06,2232
SOLARINDS,2026-02-14 10:02:06,2232
SOLARWORLD,2026-02-14 10:02:06,2232
SOLEX,2026-02-14 10:02:06,2232
SOMANYCERA,2026-02-14 10:02:06,2232
SOMATEX,2026-02-14 10:02:06,2232
SOMICONVEY,2026-02-14 10:02:06,2232
SONACOMS,2026-02-14 10:02:06,2232
SONAMLTD,2026-02-14 10:02:06,2232
SONATSOFTW,2026-02-14 10:02:06,2232
SOTL,2026-02-14 10:02:06,2232
SOUTHBANK,2026-02-14 10:02:06,2232
SOUTHWEST,2026-02-14 10:02:06,2232
SPAL,2026-02-14 10:02:06,2232
SPANDANA,2026-02-14 10:02:06,2232
SPARC,2026-02-14 10:02:06,2232
SPCENET,2026-02-14 10:02:06,2232
SPECIALITY,2026-02-14 10:02:06,2232
SPECTRUM,2026-02-14 10:02:06,2232
SPENCERS,2026-02-14 10:02:06,2232
SPIC,2026-02-14 10:02:06,2232
SPLIL,2026-02-14 10:02:06,2232
SPLPETRO,2026-02-14 10:02:06,2232
SPMLINFRA,2026-02-14 10:02:06,2232
SPORTKING,2026-02-14 10:02:06,2232
SRD,2026-02-14 10:02:06,2232
SREEL,2026-02-14 10:02:06,2232
SRF,2026-02-14 10:02:06,2232
SRGHFL,2026-02-14 10:02:06,2232
SRHHYPOLTD,2026-02-14 10:02:06,2232
SRM,2026-02-14 10:02:06,2232
SSDL,2026-02-14 10:02:06,2232
SSWL,2026-02-14 10:02:06,2232
STALLION,2026-02-14 10:02:06,2232
STANLEY,2026-02-14 10:02:06,2232
STAR,2026-02-14 10:02:06,2232
STARCEMENT,2026-02-14 10:02:06,2232
STARHEALTH,2026-02-14 10:02:06,2232
STARPAPER,2026-02-14 10:02:06,2232
STARTECK,2026-02-14 10:02:06,2232
STCINDIA,2026-02-14 10:02:06,2232
STEELCAS,2026-02-14 10:02:06,2232
STEELCITY,2026-02-14 10:02:06,2232
STEELXIND,2026-02-14 10:02:06,2232
STEL,2026-02-14 10:02:06,2232
STERTOOLS,2026-02-14 10:02:06,2232
STLNETWORK,2026-02-14 10:02:06,2232
STLTECH,2026-02-14 10:02:06,2232
STOVEKRAFT,2026-02-14 10:02:06,2232
STUDDS,2026-02-14 10:02:06,2232
STYL,2026-02-14 10:02:06,2232
STYLAMIND,2026-02-14 10:02:06,2232
STYLEBAAZA,2026-02-14 10:02:06,2232
STYRENIX,2026-02-14 10:02:06,2232
SUBEXLTD,2026-02-14 10:02:06,2232
SUBROS,2026-02-14 10:02:06,2232
SUDARCOLOR,2026-02-14 10:02:06,2232
SUDARSCHEM,2026-02-14 10:02:06,2232
SUDEEPPHRM,2026-02-14 10:02:06,2232
SUKHJITS,2026-02-14 10:02:06,2232
SULA,2026-02-14 10:02:06,2232
SUMEETINDS,2026-02-14 10:02:06,2232
SUMICHEM,2026-02-14 10:02:06,2232
SUMIT,2026-02-14 10:02:06,2232
SUMMITSEC,2026-02-14 10:02:06,2232
SUNCLAY,2026-02-14 10:02:06,2232
SUNDARAM,2026-02-14 10:02:06,2232
SUNDARMFIN,2026-02-14 10:02:06,2232
SUNDRMBRAK,2026-02-14 10:02:06,2232
SUNDRMFAST,2026-02-14 10:02:06,2232
SUNDROP,2026-02-14 10:02:06,2232
SUNFLAG,2026-02-14 10:02:06,2232
SUNPHARMA,2026-02-14 10:02:06,2232
SUNTECK,2026-02-14 10:02:06,2232
SUNTV,2026-02-14 10:02:06,2232
SUPERHOUSE,2026-02-14 10:02:06,2232
SUPERSPIN,2026-02-14 10:02:06,2232
SUPRAJIT,2026-02-14 10:02:06,2232
SUPREME,2026-02-14 10:02:06,2232
SUPREMEENG,2026-02-14 10:02:06,2232
SUPREMEIND,2026-02-14 10:02:06,2232
SUPREMEINF,2026-02-14 10:02:06,2232
SUPRIYA,2026-02-14 10:02:06,2232
SURAJEST,2026-02-14 10:02:06,2232
SURAJLTD,2026-02-14 10:02:06,2232
SURAKSHA,2026-02-14 10:02:06,2232
SURANASOL,2026-02-14 10:02:06,2232
SURANAT&P,2026-02-14 10:02:06,2232
SURYALAXMI,2026-02-14 10:02:06,2232
SURYAROSNI,2026-02-14 10:02:06,2232
SURYODAY,2026-02-14 10:02:06,2232
SUTLEJTEX,2026-02-14 10:02:06,2232
SUVEN,2026-02-14 10:02:06,2232
SUVIDHAA,2026-02-14 10:02:06,2232
SUYOG,2026-02-14 10:02:06,2232
SUZLON,2026-02-14 10:02:06,2232
SVLL,2026-02-14 10:02:06,2232
SVPGLOB,2026-02-14 10:02:06,2232
SWANCORP,2026-02-14 10:02:06,2232
SWARAJENG,2026-02-14 10:02:06,2232
SWELECTES,2026-02-14 10:02:06,2232
SWIGGY,2026-02-14 10:02:06,2232
SWSOLAR,2026-02-14 10:02:06,2232
SYMPHONY,2026-02-14 10:02:06,2232
SYNCOMF,2026-02-14 10:02:06,2232
SYNGENE,2026-02-14 10:02:06,2232
SYRMA,2026-02-14 10:02:06,2232
SYSTMTXC,2026-02-14 10:02:06,2232
TAINWALCHM,2026-02-14 10:02:06,2232
TAJGVK,2026-02-14 10:02:06,2232
TAKE,2026-02-14 10:02:06,2232
TALBROAUTO,2026-02-14 10:02:06,2232
TANLA,2026-02-14 10:02:06,2232
TARACHAND,2026-02-14 10:02:06,2232
TARAPUR,2026-02-14 10:02:06,2232
TARC,2026-02-14 10:02:06,2232
TARIL,2026-02-14 10:02:06,2232
TARMAT,2026-02-14 10:02:06,2232
TARSONS,2026-02-14 10:02:06,2232
TASTYBITE,2026-02-14 10:02:06,2232
TATACAP,2026-02-14 10:02:06,2232
TATACHEM,2026-02-14 10:02:06,2232
TATACOMM,2026-02-14 10:02:06,2232
TATACONSUM,2026-02-14 10:02:06,2232
TATAELXSI,2026-02-14 10:02:06,2232
TATAINVEST,2026-02-14 10:02:06,2232
TATAPOWER,2026-02-14 10:02:06,2232
TATASTEEL,2026-02-14 10:02:06,2232
TATATECH,2026-02-14 10:02:06,2232
TATVA,2026-02-14 10:02:06,2232
TBOTEK,2026-02-14 10:02:06,2232
TBZ,2026-02-14 10:02:06,2232
TCI,2026-02-14 10:02:06,2232
TCIEXP,2026-02-14 10:02:06,2232
TCIFINANCE,2026-02-14 10:02:06,2232
TCPLPACK,2026-02-14 10:02:06,2232
TCS,2026-02-14 10:02:06,2232
TDPOWERSYS,2026-02-14 10:02:06,2232
TEAMGTY,2026-02-14 10:02:06,2232
TEAMLEASE,2026-02-14 10:02:06,2232
TECHM,2026-02-14 10:02:06,2232
TECHNOE,2026-02-14 10:02:06,2232
TECILCHEM,2026-02-14 10:02:06,2232
TEGA,2026-02-14 10:02:06,2232
TEJASNET,2026-02-14 10:02:06,2232
TEMBO,2026-02-14 10:02:06,2232
TENNIND,2026-02-14 10:02:06,2232
TERASOFT,2026-02-14 10:02:06,2232
TEXINFRA,2026-02-14 10:02:06,2232
TEXMOPIPES,2026-02-14 10:02:06,2232
TEXRAIL,2026-02-14 10:02:06,2232
TFCILTD,2026-02-14 10:02:06,2232
TFL,2026-02-14 10:02:06,2232
TGBHOTELS,2026-02-14 10:02:06,2232
THANGAMAYL,2026-02-14 10:02:06,2232
THEINVEST,2026-02-14 10:02:06,2232
THEJO,2026-02-14 10:02:06,2232
THELEELA,2026-02-14 10:02:06,2232
THEMISMED,2026-02-14 10:02:06,2232
THERMAX,2026-02-14 10:02:06,2232
THOMASCOOK,2026-02-14 10:02:06,2232
THOMASCOTT,2026-02-14 10:02:06,2232
THYROCARE,2026-02-14 10:02:06,2232
TI,2026-02-14 10:02:06,2232
TICL,2026-02-14 10:02:06,2232
TIGERLOGS,2026-02-14 10:02:06,2232
TIIL,2026-02-14 10:02:06,2232
TIINDIA,2026-02-14 10:02:06,2232
TIJARIA,2026-02-14 10:02:06,2232
TIL,2026-02-14 10:02:06,2232
TIMETECHNO,2026-02-14 10:02:06,2232
TIMKEN,2026-02-14 10:02:06,2232
TINNARUBR,2026-02-14 10:02:06,2232
TIPSFILMS,2026-02-14 10:02:06,2232
TIPSMUSIC,2026-02-14 10:02:06,2232
TIRUMALCHM,2026-02-14 10:02:06,2232
TIRUPATIFL,2026-02-14 10:02:06,2232
TITAGARH,2026-02-14 10:02:06,2232
TITAN,2026-02-14 10:02:06,2232
TMB,2026-02-14 10:02:06,2232
TMCV,2026-02-14 10:02:06,2232
TMPV,2026-02-14 10:02:06,2232
TNPETRO,2026-02-14 10:02:06,2232
TNPL,2026-02-14 10:02:06,2232
TNTELE,2026-02-14 10:02:06,2232
TOKYOPLAST,2026-02-14 10:02:06,2232
TOLINS,2026-02-14 10:02:06,2232
TORNTPHARM,2026-02-14 10:02:06,2232
TORNTPOWER,2026-02-14 10:02:06,2232
TOTAL,2026-02-14 10:02:06,2232
TOUCHWOOD,2026-02-14 10:02:06,2232
TPHQ,2026-02-14 10:02:06,2232
TPLPLASTEH,2026-02-14 10:02:06,2232
TRACXN,2026-02-14 10:02:06,2232
TRANSRAILL,2026-02-14 10:02:06,2232
TRANSWORLD,2026-02-14 10:02:06,2232
TRAVELFOOD,2026-02-14 10:02:06,2232
TREEHOUSE,2026-02-14 10:02:06,2232
TREJHARA,2026-02-14 10:02:06,2232
TREL,2026-02-14 10:02:06,2232
TRENT,2026-02-14 10:02:06,2232
TRF,2026-02-14 10:02:06,2232
TRIDENT,2026-02-14 10:02:06,2232
TRIGYN,2026-02-14 10:02:06,2232
TRITURBINE,2026-02-14 10:02:06,2232
TRIVENI,2026-02-14 10:02:06,2232
TRU,2026-02-14 10:02:06,2232
TRUALT,2026-02-14 10:02:06,2232
TSFINV,2026-02-14 10:02:06,2232
TTKHLTCARE,2026-02-14 10:02:06,2232
TTKPRESTIG,2026-02-14 10:02:06,2232
TTL,2026-02-14 10:02:06,2232
TTML,2026-02-14 10:02:06,2232
TVSELECT,2026-02-14 10:02:06,2232
TVSHLTD,2026-02-14 10:02:06,2232
TVSMOTOR,2026-02-14 10:02:06,2232
TVSSCS,2026-02-14 10:02:06,2232
TVSSRICHAK,2026-02-14 10:02:06,2232
TVTODAY,2026-02-14 10:02:06,2232
TVVISION,2026-02-14 10:02:06,2232
UBL,2026-02-14 10:02:06,2232
UCAL,2026-02-14 10:02:06,2232
UCOBANK,2026-02-14 10:02:06,2232
UDS,2026-02-14 10:02:06,2232
UEL,2026-02-14 10:02:06,2232
UFBL,2026-02-14 10:02:06,2232
UFLEX,2026-02-14 10:02:06,2232
UFO,2026-02-14 10:02:06,2232
UGARSUGAR,2026-02-14 10:02:06,2232
UGROCAP,2026-02-14 10:02:06,2232
UJJIVANSFB,2026-02-14 10:02:06,2232
ULTRACEMCO,2026-02-14 10:02:06,2232
UMAEXPORTS,2026-02-14 10:02:06,2232
UMESLTD,2026-02-14 10:02:06,2232
UMIYA-MRO,2026-02-14 10:02:06,2232
UNICHEMLAB,2026-02-14 10:02:06,2232
UNIDT,2026-02-14 10:02:06,2232
UNIECOM,2026-02-14 10:02:06,2232
UNIENTER,2026-02-14 10:02:06,2232
UNIINFO,2026-02-14 10:02:06,2232
UNIMECH,2026-02-14 10:02:06,2232
UNIONBANK,2026-02-14 10:02:06,2232
UNIPARTS,2026-02-14 10:02:06,2232
UNITDSPR,2026-02-14 10:02:06,2232
UNITECH,2026-02-14 10:02:06,2232
UNITEDPOLY,2026-02-14 10:02:06,2232
UNITEDTEA,2026-02-14 10:02:06,2232
UNIVASTU,2026-02-14 10:02:06,2232
UNIVCABLES,2026-02-14 10:02:06,2232
UNIVPHOTO,2026-02-14 10:02:06,2232
UNOMINDA,2026-02-14 10:02:06,2232
UPL,2026-02-14 10:02:06,2232
URAVIDEF,2026-02-14 10:02:06,2232
URBANCO,2026-02-14 10:02:06,2232
URJA,2026-02-14 10:02:06,2232
USHAMART,2026-02-14 10:02:06,2232
USK,2026-02-14 10:02:06,2232
UTIAMC,2026-02-14 10:02:06,2232
UTKARSHBNK,2026-02-14 10:02:06,2232
UTLSOLAR,2026-02-14 10:02:06,2232
UTTAMSUGAR,2026-02-14 10:02:06,2232
UYFINCORP,2026-02-14 10:02:06,2232
V2RETAIL,2026-02-14 10:02:06,2232
VADILALIND,2026-02-14 10:02:06,2232
VAIBHAVGBL,2026-02-14 10:02:06,2232
VAISHALI,2026-02-14 10:02:06,2232
VAKRANGEE,2026-02-14 10:02:06,2232
VALIANTLAB,2026-02-14 10:02:06,2232
VALIANTORG,2026-02-14 10:02:06,2232
VARDHACRLC,2026-02-14 10:02:06,2232
VARDMNPOLY,2026-02-14 10:02:06,2232
VARROC,2026-02-14 10:02:06,2232
VASCONEQ,2026-02-14 10:02:06,2232
VASWANI,2026-02-14 10:02:06,2232
VBL,2026-02-14 10:02:06,2232
VCL,2026-02-14 10:02:06,2232
VEDL,2026-02-14 10:02:06,2232
VEEDOL,2026-02-14 10:02:06,2232
VENKEYS,2026-02-14 10:02:06,2232
VENTIVE,2026-02-14 10:02:06,2232
VENUSPIPES,2026-02-14 10:02:06,2232
VENUSREM,2026-02-14 10:02:06,2232
VERANDA,2026-02-14 10:02:06,2232
VERTOZ,2026-02-14 10:02:06,2232
VESUVIUS,2026-02-14 10:02:06,2232
VETO,2026-02-14 10:02:06,2232
VGL,2026-02-14 10:02:06,2232
VGUARD,2026-02-14 10:02:06,2232
VHL,2026-02-14 10:02:06,2232
VHLTD,2026-02-14 10:02:06,2232
VIDHIING,2026-02-14 10:02:06,2232
VIDYAWIRES,2026-02-14 10:02:06,2232
VIJAYA,2026-02-14 10:02:06,2232
VIJIFIN,2026-02-14 10:02:06,2232
VIKASECO,2026-02-14 10:02:06,2232
VIKASLIFE,2026-02-14 10:02:06,2232
VIKRAMSOLR,2026-02-14 10:02:06,2232
VIKRAN,2026-02-14 10:02:06,2232
VIMTALABS,2026-02-14 10:02:06,2232
VINATIORGA,2026-02-14 10:02:06,2232
VINCOFE,2026-02-14 10:02:06,2232
VINDHYATEL,2026-02-14 10:02:06,2232
VINEETLAB,2026-02-14 10:02:06,2232
VINNY,2026-02-14 10:02:06,2232
VINYLINDIA,2026-02-14 10:02:06,2232
VIPCLOTHNG,2026-02-14 10:02:06,2232
VIPIND,2026-02-14 10:02:06,2232
VIPULLTD,2026-02-14 10:02:06,2232
VIRINCHI,2026-02-14 10:02:06,2232
VISAKAIND,2026-02-14 10:02:06,2232
VISASTEEL,2026-02-14 10:02:06,2232
VISHNU,2026-02-14 10:02:06,2232
VISHWARAJ,2026-02-14 10:02:06,2232
VIVIDHA,2026-02-14 10:02:06,2232
VIVIMEDLAB,2026-02-14 10:02:06,2232
VIYASH,2026-02-14 10:02:06,2232
VLEGOV,2026-02-14 10:02:06,2232
VLSFINANCE,2026-02-14 10:02:06,2232
VMART,2026-02-14 10:02:06,2232
VMM,2026-02-14 10:02:06,2232
VMSTMT,2026-02-14 10:02:06,2232
VOLTAMP,2026-02-14 10:02:06,2232
VOLTAS,2026-02-14 10:02:06,2232
VPRPL,2026-02-14 10:02:06,2232
VRAJ,2026-02-14 10:02:06,2232
VRLLOG,2026-02-14 10:02:06,2232
VSSL,2026-02-14 10:02:06,2232
VSTIND,2026-02-14 10:02:06,2232
VSTL,2026-02-14 10:02:06,2232
VSTTILLERS,2026-02-14 10:02:06,2232
VTL,2026-02-14 10:02:06,2232
WAAREEENER,2026-02-14 10:02:06,2232
WAAREEINDO,2026-02-14 10:02:06,2232
WAAREERTL,2026-02-14 10:02:06,2232
WABAG,2026-02-14 10:02:06,2232
WAKEFIT,2026-02-14 10:02:06,2232
WALCHANNAG,2026-02-14 10:02:06,2232
WANBURY,2026-02-14 10:02:06,2232
WCIL,2026-02-14 10:02:06,2232
WEALTH,2026-02-14 10:02:06,2232
WEBELSOLAR,2026-02-14 10:02:06,2232
WEIZMANIND,2026-02-14 10:02:06,2232
WEL,2026-02-14 10:02:06,2232
WELCORP,2026-02-14 10:02:06,2232
WELENT,2026-02-14 10:02:06,2232
WELINV,2026-02-14 10:02:06,2232
WELSPUNLIV,2026-02-14 10:02:06,2232
WENDT,2026-02-14 10:02:06,2232
WESTLIFE,2026-02-14 10:02:06,2232
WEWIN,2026-02-14 10:02:06,2232
WEWORK,2026-02-14 10:02:06,2232
WHEELS,2026-02-14 10:02:06,2232
WHIRLPOOL,2026-02-14 10:02:06,2232
WILLAMAGOR,2026-02-14 10:02:06,2232
WINDLAS,2026-02-14 10:02:06,2232
WINDMACHIN,2026-02-14 10:02:06,2232
WINSOME,2026-02-14 10:02:06,2232
WIPL,2026-02-14 10:02:06,2232
WIPRO,2026-02-14 10:02:06,2232
WOCKPHARMA,2026-02-14 10:02:06,2232
WONDERLA,2026-02-14 10:02:06,2232
WORTHPERI,2026-02-14 10:02:06,2232
WSI,2026-02-14 10:02:06,2232
WSTCSTPAPR,2026-02-14 10:02:06,2232
XCHANGING,2026-02-14 10:02:06,2232
XELPMOC,2026-02-14 10:02:06,2232
XPROINDIA,2026-02-14 10:02:06,2232
XTGLOBAL,2026-02-14 10:02:06,2232
YASHO,2026-02-14 10:02:06,2232
YATHARTH,2026-02-14 10:02:06,2232
YATRA,2026-02-14 10:02:06,2232
YESBANK,2026-02-14 10:02:06,2232
YUKEN,2026-02-14 10:02:06,2232
ZAGGLE,2026-02-14 10:02:06,2232
ZEEL,2026-02-14 10:02:06,2232
ZEELEARN,2026-02-14 10:02:06,2232
ZEEMEDIA,2026-02-14 10:02:06,2232
ZENITHEXPO,2026-02-14 10:02:06,2232
ZENITHSTL,2026-02-14 10:02:06,2232
ZENSARTECH,2026-02-14 10:02:06,2232
ZENTEC,2026-02-14 10:02:06,2232
ZFCVINDIA,2026-02-14 10:02:06,2232
ZIMLAB,2026-02-14 10:02:06,2232
ZODIAC,2026-02-14 10:02:06,2232
ZODIACLOTH,2026-02-14 10:02:06,2232
ZOTA,2026-02-14 10:02:06,2232
ZUARI,2026-02-14 10:02:06,2232
ZUARIIND,2026-02-14 10:02:06,2232
ZYDUSLIFE,2026-02-14 10:02:06,2232
ZYDUSWELL,2026-02-14 10:02:06,2232
