date,total_below_200dma,total_stocks,pct_below_200dma
2016-02-12,850,1136,74.82
2016-02-15,775,1136,68.22
2016-02-16,823,1137,72.38
2016-02-17,835,1138,73.37
2016-02-18,817,1139,71.73
2016-02-19,812,1139,71.29
2016-02-22,800,1140,70.18
2016-02-23,833,1140,73.07
2016-02-24,858,1142,75.13
2016-02-25,874,1142,76.53
2016-02-26,890,1142,77.93
2016-02-29,902,1142,78.98
2016-03-01,845,1143,73.93
2016-03-02,810,1143,70.87
2016-03-03,777,1143,67.98
2016-03-04,765,1143,66.93
2016-03-08,750,1144,65.56
2016-03-09,746,1146,65.1
2016-03-10,746,1146,65.1
2016-03-11,750,1146,65.45
2016-03-14,740,1147,64.52
2016-03-15,757,1148,65.94
2016-03-16,757,1148,65.94
2016-03-17,759,1148,66.11
2016-03-18,750,1148,65.33
2016-03-21,725,1148,63.15
2016-03-22,709,1148,61.76
2016-03-23,697,1148,60.71
2016-03-28,735,1148,64.02
2016-03-29,741,1148,64.55
2016-03-30,686,1148,59.76
2016-03-31,694,1148,60.45
2016-04-01,668,1148,58.19
2016-04-04,628,1148,54.7
2016-04-05,668,1148,58.19
2016-04-06,625,1148,54.44
2016-04-07,639,1148,55.66
2016-04-08,616,1148,53.66
2016-04-11,593,1148,51.66
2016-04-12,571,1148,49.74
2016-04-13,524,1148,45.64
2016-04-18,510,1148,44.43
2016-04-20,481,1148,41.9
2016-04-21,487,1148,42.42
2016-04-22,483,1148,42.07
2016-04-25,511,1149,44.47
2016-04-26,488,1149,42.47
2016-04-27,474,1149,41.25
2016-04-28,510,1149,44.39
2016-04-29,513,1149,44.65
2016-05-02,512,1149,44.56
2016-05-03,513,1149,44.65
2016-05-04,551,1149,47.95
2016-05-05,552,1149,48.04
2016-05-06,562,1149,48.91
2016-05-09,525,1149,45.69
2016-05-10,521,1149,45.34
2016-05-11,526,1149,45.78
2016-05-12,493,1149,42.91
2016-05-13,512,1149,44.56
2016-05-16,496,1149,43.17
2016-05-17,492,1149,42.82
2016-05-18,481,1149,41.86
2016-05-19,504,1150,43.83
2016-05-20,513,1150,44.61
2016-05-23,549,1152,47.66
2016-05-24,572,1152,49.65
2016-05-25,543,1152,47.14
2016-05-26,520,1152,45.14
2016-05-27,519,1152,45.05
2016-05-30,512,1152,44.44
2016-05-31,537,1152,46.61
2016-06-01,516,1152,44.79
2016-06-02,498,1152,43.23
2016-06-03,518,1152,44.97
2016-06-06,518,1153,44.93
2016-06-07,491,1153,42.58
2016-06-08,460,1153,39.9
2016-06-09,469,1155,40.61
2016-06-10,464,1155,40.17
2016-06-13,468,1155,40.52
2016-06-14,447,1156,38.67
2016-06-15,420,1156,36.33
2016-06-16,431,1156,37.28
2016-06-17,425,1158,36.7
2016-06-20,415,1158,35.84
2016-06-21,415,1160,35.78
2016-06-22,419,1161,36.09
2016-06-23,422,1161,36.35
2016-06-24,482,1161,41.52
2016-06-27,451,1161,38.85
2016-06-28,416,1161,35.83
2016-06-29,385,1162,33.13
2016-06-30,354,1162,30.46
2016-07-01,335,1162,28.83
2016-07-04,315,1162,27.11
2016-07-05,308,1163,26.48
2016-07-07,308,1164,26.46
2016-07-08,315,1164,27.06
2016-07-11,300,1164,25.77
2016-07-12,308,1165,26.44
2016-07-13,316,1166,27.1
2016-07-14,309,1166,26.5
2016-07-15,321,1166,27.53
2016-07-18,334,1166,28.64
2016-07-19,335,1166,28.73
2016-07-20,316,1166,27.1
2016-07-21,324,1166,27.79
2016-07-22,314,1166,26.93
2016-07-25,297,1166,25.47
2016-07-26,312,1166,26.76
2016-07-27,315,1166,27.02
2016-07-28,313,1166,26.84
2016-07-29,327,1166,28.04
2016-08-01,337,1166,28.9
2016-08-02,356,1166,30.53
2016-08-03,381,1166,32.68
2016-08-04,379,1167,32.48
2016-08-05,352,1167,30.16
2016-08-08,344,1167,29.48
2016-08-09,344,1167,29.48
2016-08-10,380,1167,32.56
2016-08-11,381,1167,32.65
2016-08-12,384,1167,32.9
2016-08-16,413,1167,35.39
2016-08-17,403,1167,34.53
2016-08-18,384,1167,32.9
2016-08-19,368,1167,31.53
2016-08-22,364,1167,31.19
2016-08-23,378,1167,32.39
2016-08-24,360,1168,30.82
2016-08-25,358,1168,30.65
2016-08-26,372,1168,31.85
2016-08-29,383,1168,32.79
2016-08-30,367,1169,31.39
2016-08-31,375,1169,32.08
2016-09-01,383,1170,32.74
2016-09-02,360,1170,30.77
2016-09-06,345,1171,29.46
2016-09-07,353,1171,30.15
2016-09-08,336,1171,28.69
2016-09-09,337,1171,28.78
2016-09-12,375,1171,32.02
2016-09-14,364,1171,31.08
2016-09-15,345,1171,29.46
2016-09-16,356,1171,30.4
2016-09-19,337,1171,28.78
2016-09-20,342,1171,29.21
2016-09-21,331,1173,28.22
2016-09-22,316,1174,26.92
2016-09-23,325,1174,27.68
2016-09-26,339,1174,28.88
2016-09-27,334,1175,28.43
2016-09-28,319,1175,27.15
2016-09-29,444,1175,37.79
2016-09-30,393,1175,33.45
2016-10-03,332,1176,28.23
2016-10-04,320,1176,27.21
2016-10-05,296,1176,25.17
2016-10-06,299,1176,25.43
2016-10-07,290,1177,24.64
2016-10-10,280,1177,23.79
2016-10-13,312,1177,26.51
2016-10-14,293,1177,24.89
2016-10-17,300,1179,25.45
2016-10-18,261,1179,22.14
2016-10-19,256,1179,21.71
2016-10-20,237,1179,20.1
2016-10-21,230,1179,19.51
2016-10-24,221,1179,18.74
2016-10-25,215,1179,18.24
2016-10-26,219,1179,18.58
2016-10-27,231,1179,19.59
2016-10-28,229,1180,19.41
2016-11-01,214,1180,18.14
2016-11-02,245,1180,20.76
2016-11-03,251,1180,21.27
2016-11-04,303,1180,25.68
2016-11-07,279,1180,23.64
2016-11-08,283,1180,23.98
2016-11-09,353,1180,29.92
2016-11-10,302,1180,25.59
2016-11-11,386,1180,32.71
2016-11-15,528,1180,44.75
2016-11-16,522,1180,44.24
2016-11-17,563,1180,47.71
2016-11-18,561,1180,47.54
2016-11-21,660,1180,55.93
2016-11-22,627,1180,53.14
2016-11-23,562,1180,47.63
2016-11-24,554,1180,46.95
2016-11-25,502,1180,42.54
2016-11-28,483,1180,40.93
2016-11-29,457,1180,38.73
2016-11-30,423,1180,35.85
2016-12-01,450,1181,38.1
2016-12-02,492,1181,41.66
2016-12-05,473,1181,40.05
2016-12-06,472,1181,39.97
2016-12-07,478,1182,40.44
2016-12-08,448,1182,37.9
2016-12-09,432,1182,36.55
2016-12-12,455,1182,38.49
2016-12-13,460,1183,38.88
2016-12-14,477,1183,40.32
2016-12-15,478,1183,40.41
2016-12-16,495,1183,41.84
2016-12-19,497,1183,42.01
2016-12-20,516,1184,43.58
2016-12-21,525,1184,44.34
2016-12-22,561,1184,47.38
2016-12-23,563,1184,47.55
2016-12-26,638,1188,53.7
2016-12-27,603,1188,50.76
2016-12-28,580,1188,48.82
2016-12-29,557,1188,46.89
2016-12-30,534,1188,44.95
2017-01-02,499,1188,42.0
2017-01-03,476,1188,40.07
2017-01-04,460,1189,38.69
2017-01-05,428,1189,36.0
2017-01-06,429,1189,36.08
2017-01-09,427,1189,35.91
2017-01-10,415,1189,34.9
2017-01-11,396,1189,33.31
2017-01-12,399,1189,33.56
2017-01-13,401,1189,33.73
2017-01-16,394,1189,33.14
2017-01-17,386,1189,32.46
2017-01-18,379,1190,31.85
2017-01-19,366,1192,30.7
2017-01-20,405,1193,33.95
2017-01-23,398,1193,33.36
2017-01-24,371,1193,31.1
2017-01-25,358,1193,30.01
2017-01-27,348,1193,29.17
2017-01-30,347,1193,29.09
2017-01-31,378,1193,31.68
2017-02-01,345,1194,28.89
2017-02-02,335,1194,28.06
2017-02-03,311,1194,26.05
2017-02-06,282,1194,23.62
2017-02-07,300,1194,25.13
2017-02-08,292,1194,24.46
2017-02-09,289,1194,24.2
2017-02-10,302,1194,25.29
2017-02-13,329,1194,27.55
2017-02-14,351,1194,29.4
2017-02-15,415,1194,34.76
2017-02-16,394,1194,33.0
2017-02-17,379,1194,31.74
2017-02-20,353,1194,29.56
2017-02-21,339,1194,28.39
2017-02-22,353,1194,29.56
2017-02-23,357,1195,29.87
2017-02-27,376,1195,31.46
2017-02-28,359,1195,30.04
2017-03-01,343,1195,28.7
2017-03-02,375,1196,31.35
2017-03-03,374,1196,31.27
2017-03-06,363,1196,30.35
2017-03-07,370,1196,30.94
2017-03-08,383,1197,32.0
2017-03-09,395,1197,33.0
2017-03-10,392,1197,32.75
2017-03-14,381,1197,31.83
2017-03-15,378,1197,31.58
2017-03-16,352,1197,29.41
2017-03-17,346,1197,28.91
2017-03-20,351,1197,29.32
2017-03-21,357,1197,29.82
2017-03-22,379,1197,31.66
2017-03-23,356,1197,29.74
2017-03-24,347,1197,28.99
2017-03-27,356,1197,29.74
2017-03-28,355,1197,29.66
2017-03-29,346,1197,28.91
2017-03-30,336,1198,28.05
2017-03-31,321,1198,26.79
2017-04-03,278,1198,23.21
2017-04-05,246,1201,20.48
2017-04-06,247,1202,20.55
2017-04-07,257,1202,21.38
2017-04-10,246,1203,20.45
2017-04-11,235,1203,19.53
2017-04-12,244,1203,20.28
2017-04-13,243,1203,20.2
2017-04-17,237,1203,19.7
2017-04-18,253,1204,21.01
2017-04-19,252,1204,20.93
2017-04-20,222,1204,18.44
2017-04-21,223,1205,18.51
2017-04-24,217,1205,18.01
2017-04-25,211,1209,17.45
2017-04-26,225,1210,18.6
2017-04-27,225,1210,18.6
2017-04-28,228,1212,18.81
2017-05-02,228,1212,18.81
2017-05-03,236,1214,19.44
2017-05-04,240,1215,19.75
2017-05-05,263,1217,21.61
2017-05-08,255,1218,20.94
2017-05-09,238,1218,19.54
2017-05-10,229,1219,18.79
2017-05-11,232,1219,19.03
2017-05-12,241,1219,19.77
2017-05-15,238,1220,19.51
2017-05-16,240,1220,19.67
2017-05-17,239,1220,19.59
2017-05-18,275,1220,22.54
2017-05-19,295,1220,24.18
2017-05-22,320,1220,26.23
2017-05-23,375,1220,30.74
2017-05-24,437,1221,35.79
2017-05-25,394,1222,32.24
2017-05-26,357,1222,29.21
2017-05-29,400,1222,32.73
2017-05-30,401,1222,32.82
2017-05-31,399,1222,32.65
2017-06-01,395,1222,32.32
2017-06-02,378,1222,30.93
2017-06-05,372,1223,30.42
2017-06-06,396,1224,32.35
2017-06-07,387,1224,31.62
2017-06-08,382,1224,31.21
2017-06-09,371,1224,30.31
2017-06-12,394,1224,32.19
2017-06-13,385,1224,31.45
2017-06-14,383,1224,31.29
2017-06-15,374,1224,30.56
2017-06-16,359,1224,29.33
2017-06-19,360,1224,29.41
2017-06-20,362,1224,29.58
2017-06-21,371,1225,30.29
2017-06-22,376,1226,30.67
2017-06-23,410,1226,33.44
2017-06-27,461,1227,37.57
2017-06-28,454,1227,37.0
2017-06-29,437,1228,35.59
2017-06-30,434,1228,35.34
2017-07-03,406,1228,33.06
2017-07-04,405,1229,32.95
2017-07-05,385,1229,31.33
2017-07-06,361,1231,29.33
2017-07-07,356,1232,28.9
2017-07-10,347,1232,28.17
2017-07-11,362,1232,29.38
2017-07-12,345,1232,28.0
2017-07-13,340,1232,27.6
2017-07-14,350,1233,28.39
2017-07-17,356,1234,28.85
2017-07-18,374,1234,30.31
2017-07-19,351,1234,28.44
2017-07-20,338,1236,27.35
2017-07-21,337,1236,27.27
2017-07-24,339,1236,27.43
2017-07-25,344,1237,27.81
2017-07-26,329,1237,26.6
2017-07-27,357,1237,28.86
2017-07-28,349,1237,28.21
2017-07-31,359,1237,29.02
2017-08-01,356,1237,28.78
2017-08-02,366,1238,29.56
2017-08-03,398,1238,32.15
2017-08-04,410,1238,33.12
2017-08-07,383,1239,30.91
2017-08-08,426,1239,34.38
2017-08-09,467,1239,37.69
2017-08-10,569,1239,45.92
2017-08-11,589,1239,47.54
2017-08-14,530,1239,42.78
2017-08-16,502,1240,40.48
2017-08-17,481,1240,38.79
2017-08-18,504,1240,40.65
2017-08-21,528,1241,42.55
2017-08-22,542,1241,43.67
2017-08-23,520,1241,41.9
2017-08-24,507,1242,40.82
2017-08-28,486,1243,39.1
2017-08-29,504,1243,40.55
2017-08-30,476,1243,38.29
2017-08-31,458,1243,36.85
2017-09-01,432,1243,34.75
2017-09-04,459,1243,36.93
2017-09-05,444,1243,35.72
2017-09-06,429,1243,34.51
2017-09-07,419,1243,33.71
2017-09-08,420,1245,33.73
2017-09-11,417,1245,33.49
2017-09-12,399,1245,32.05
2017-09-13,421,1245,33.82
2017-09-14,409,1245,32.85
2017-09-15,407,1246,32.66
2017-09-18,391,1247,31.36
2017-09-19,392,1247,31.44
2017-09-20,386,1247,30.95
2017-09-21,395,1247,31.68
2017-09-22,468,1247,37.53
2017-09-25,511,1248,40.95
2017-09-26,490,1248,39.26
2017-09-27,564,1248,45.19
2017-09-28,544,1249,43.55
2017-09-29,520,1249,41.63
2017-10-03,511,1250,40.88
2017-10-04,500,1251,39.97
2017-10-05,483,1251,38.61
2017-10-06,458,1252,36.58
2017-10-09,445,1252,35.54
2017-10-10,435,1252,34.74
2017-10-11,450,1252,35.94
2017-10-12,441,1252,35.22
2017-10-13,436,1252,34.82
2017-10-16,433,1252,34.58
2017-10-17,429,1252,34.27
2017-10-18,427,1253,34.08
2017-10-19,419,1254,33.41
2017-10-23,413,1254,32.93
2017-10-24,404,1254,32.22
2017-10-25,386,1254,30.78
2017-10-26,381,1255,30.36
2017-10-27,368,1255,29.32
2017-10-30,357,1255,28.45
2017-10-31,355,1255,28.29
2017-11-01,339,1255,27.01
2017-11-02,325,1255,25.9
2017-11-03,310,1255,24.7
2017-11-06,303,1256,24.12
2017-11-07,339,1256,26.99
2017-11-08,370,1256,29.46
2017-11-09,361,1256,28.74
2017-11-10,367,1256,29.22
2017-11-13,384,1256,30.57
2017-11-14,401,1256,31.93
2017-11-15,448,1256,35.67
2017-11-16,418,1256,33.28
2017-11-17,410,1257,32.62
2017-11-20,381,1257,30.31
2017-11-21,367,1257,29.2
2017-11-22,376,1257,29.91
2017-11-23,361,1258,28.7
2017-11-24,347,1258,27.58
2017-11-27,328,1258,26.07
2017-11-28,324,1258,25.76
2017-11-29,323,1258,25.68
2017-11-30,344,1258,27.34
2017-12-01,349,1258,27.74
2017-12-04,365,1258,29.01
2017-12-05,377,1258,29.97
2017-12-06,396,1258,31.48
2017-12-07,365,1258,29.01
2017-12-08,344,1258,27.34
2017-12-11,340,1258,27.03
2017-12-12,349,1258,27.74
2017-12-13,367,1258,29.17
2017-12-14,375,1259,29.79
2017-12-15,360,1260,28.57
2017-12-18,356,1260,28.25
2017-12-19,321,1260,25.48
2017-12-20,305,1260,24.21
2017-12-21,275,1260,21.83
2017-12-22,264,1260,20.95
2017-12-26,263,1260,20.87
2017-12-27,245,1260,19.44
2017-12-28,247,1260,19.6
2017-12-29,245,1260,19.44
2018-01-01,237,1270,18.66
2018-01-02,241,1276,18.89
2018-01-03,229,1277,17.93
2018-01-04,215,1277,16.84
2018-01-05,194,1280,15.16
2018-01-08,180,1281,14.05
2018-01-09,174,1283,13.56
2018-01-10,177,1283,13.8
2018-01-11,177,1283,13.8
2018-01-12,172,1284,13.4
2018-01-15,169,1287,13.13
2018-01-16,212,1287,16.47
2018-01-17,212,1288,16.46
2018-01-18,254,1289,19.71
2018-01-19,253,1291,19.6
2018-01-22,244,1291,18.9
2018-01-23,257,1291,19.91
2018-01-24,274,1293,21.19
2018-01-25,285,1293,22.04
2018-01-29,323,1293,24.98
2018-01-30,364,1293,28.15
2018-01-31,379,1293,29.31
2018-02-01,379,1294,29.29
2018-02-02,521,1294,40.26
2018-02-05,542,1294,41.89
2018-02-06,625,1295,48.26
2018-02-07,553,1295,42.7
2018-02-08,478,1295,36.91
2018-02-09,479,1295,36.99
2018-02-12,425,1295,32.82
2018-02-14,421,1296,32.48
2018-02-15,466,1297,35.93
2018-02-16,513,1297,39.55
2018-02-19,559,1297,43.1
2018-02-20,566,1297,43.64
2018-02-21,582,1297,44.87
2018-02-22,593,1298,45.69
2018-02-23,549,1299,42.26
2018-02-26,529,1299,40.72
2018-02-27,546,1299,42.03
2018-02-28,568,1299,43.73
2018-03-01,570,1299,43.88
2018-03-05,627,1299,48.27
2018-03-06,665,1299,51.19
2018-03-07,721,1300,55.46
2018-03-08,726,1300,55.85
2018-03-09,738,1300,56.77
2018-03-12,721,1300,55.46
2018-03-13,714,1300,54.92
2018-03-14,708,1300,54.46
2018-03-15,689,1301,52.96
2018-03-16,723,1301,55.57
2018-03-19,784,1301,60.26
2018-03-20,790,1301,60.72
2018-03-21,782,1301,60.11
2018-03-22,814,1301,62.57
2018-03-23,864,1301,66.41
2018-03-26,844,1301,64.87
2018-03-27,826,1301,63.49
2018-03-28,833,1301,64.03
2018-04-02,784,1301,60.26
2018-04-03,740,1301,56.88
2018-04-04,747,1301,57.42
2018-04-05,681,1301,52.34
2018-04-06,671,1301,51.58
2018-04-09,656,1302,50.38
2018-04-10,651,1302,50.0
2018-04-11,655,1302,50.31
2018-04-12,665,1302,51.08
2018-04-13,657,1302,50.46
2018-04-16,655,1303,50.27
2018-04-17,643,1303,49.35
2018-04-18,649,1303,49.81
2018-04-19,630,1305,48.28
2018-04-20,645,1305,49.43
2018-04-23,638,1306,48.85
2018-04-24,652,1306,49.92
2018-04-25,682,1306,52.22
2018-04-26,682,1306,52.22
2018-04-27,666,1306,51.0
2018-04-30,656,1307,50.19
2018-05-02,698,1307,53.4
2018-05-03,720,1309,55.0
2018-05-04,739,1309,56.46
2018-05-07,730,1309,55.77
2018-05-08,728,1310,55.57
2018-05-09,740,1311,56.45
2018-05-10,775,1312,59.07
2018-05-11,789,1312,60.14
2018-05-14,803,1314,61.11
2018-05-15,826,1317,62.72
2018-05-16,840,1317,63.78
2018-05-17,827,1322,62.56
2018-05-18,860,1323,65.0
2018-05-21,903,1325,68.15
2018-05-22,887,1325,66.94
2018-05-23,901,1326,67.95
2018-05-24,915,1328,68.9
2018-05-25,889,1328,66.94
2018-05-28,872,1328,65.66
2018-05-29,875,1330,65.79
2018-05-30,875,1330,65.79
2018-05-31,893,1331,67.09
2018-06-01,930,1332,69.82
2018-06-04,988,1332,74.17
2018-06-05,1040,1332,78.08
2018-06-06,1016,1332,76.28
2018-06-07,971,1332,72.9
2018-06-08,953,1332,71.55
2018-06-11,957,1333,71.79
2018-06-12,942,1334,70.61
2018-06-13,950,1335,71.16
2018-06-14,953,1335,71.39
2018-06-15,959,1335,71.84
2018-06-18,978,1335,73.26
2018-06-19,999,1335,74.83
2018-06-20,996,1336,74.55
2018-06-21,1018,1336,76.2
2018-06-22,1015,1337,75.92
2018-06-25,1038,1337,77.64
2018-06-26,1051,1337,78.61
2018-06-27,1087,1337,81.3
2018-06-28,1112,1338,83.11
2018-06-29,1084,1338,81.02
2018-07-02,1096,1338,81.91
2018-07-03,1084,1338,81.02
2018-07-04,1079,1338,80.64
2018-07-05,1089,1340,81.27
2018-07-06,1089,1340,81.27
2018-07-09,1064,1340,79.4
2018-07-10,1050,1342,78.24
2018-07-11,1057,1343,78.7
2018-07-12,1061,1344,78.94
2018-07-13,1076,1344,80.06
2018-07-16,1107,1346,82.24
2018-07-17,1100,1346,81.72
2018-07-18,1119,1346,83.14
2018-07-19,1132,1347,84.04
2018-07-20,1131,1348,83.9
2018-07-23,1120,1349,83.02
2018-07-24,1099,1352,81.29
2018-07-25,1088,1353,80.41
2018-07-26,1084,1353,80.12
2018-07-27,1072,1353,79.23
2018-07-30,1061,1356,78.24
2018-07-31,1057,1357,77.89
2018-08-01,1051,1358,77.39
2018-08-02,1058,1359,77.85
2018-08-03,1036,1360,76.18
2018-08-06,1030,1360,75.74
2018-08-07,1028,1362,75.48
2018-08-08,1034,1362,75.92
2018-08-09,1032,1363,75.72
2018-08-10,1043,1363,76.52
2018-08-13,1062,1363,77.92
2018-08-14,1050,1363,77.04
2018-08-16,1058,1363,77.62
2018-08-17,1045,1363,76.67
2018-08-20,1031,1364,75.59
2018-08-21,1028,1364,75.37
2018-08-23,1028,1365,75.31
2018-08-24,1028,1366,75.26
2018-08-27,1020,1366,74.67
2018-08-28,1015,1366,74.3
2018-08-29,1017,1367,74.4
2018-08-30,995,1368,72.73
2018-08-31,987,1369,72.1
2018-09-03,984,1369,71.88
2018-09-04,1024,1370,74.74
2018-09-05,1035,1371,75.49
2018-09-06,1013,1371,73.89
2018-09-07,990,1371,72.21
2018-09-10,1007,1371,73.45
2018-09-11,1048,1371,76.44
2018-09-12,1041,1372,75.87
2018-09-14,1011,1372,73.69
2018-09-17,999,1372,72.81
2018-09-18,1028,1372,74.93
2018-09-19,1037,1372,75.58
2018-09-21,1082,1373,78.81
2018-09-24,1120,1373,81.57
2018-09-25,1125,1373,81.94
2018-09-26,1129,1373,82.23
2018-09-27,1146,1373,83.47
2018-09-28,1186,1374,86.32
2018-10-01,1188,1376,86.34
2018-10-03,1183,1377,85.91
2018-10-04,1211,1377,87.94
2018-10-05,1231,1377,89.4
2018-10-08,1241,1378,90.06
2018-10-09,1249,1378,90.64
2018-10-10,1206,1378,87.52
2018-10-11,1230,1378,89.26
2018-10-12,1194,1379,86.58
2018-10-15,1183,1379,85.79
2018-10-16,1157,1380,83.84
2018-10-17,1179,1380,85.43
2018-10-19,1192,1380,86.38
2018-10-22,1202,1381,87.04
2018-10-23,1222,1381,88.49
2018-10-24,1220,1381,88.34
2018-10-25,1222,1382,88.42
2018-10-26,1225,1383,88.58
2018-10-29,1199,1383,86.7
2018-10-30,1189,1383,85.97
2018-10-31,1180,1383,85.32
2018-11-01,1170,1383,84.6
2018-11-02,1163,1384,84.03
2018-11-05,1156,1385,83.47
2018-11-06,1156,1385,83.47
2018-11-07,1136,1385,82.02
2018-11-09,1130,1385,81.59
2018-11-12,1133,1386,81.75
2018-11-13,1127,1386,81.31
2018-11-14,1119,1387,80.68
2018-11-15,1116,1387,80.46
2018-11-16,1123,1387,80.97
2018-11-19,1123,1387,80.97
2018-11-20,1132,1388,81.56
2018-11-21,1128,1389,81.21
2018-11-22,1137,1390,81.8
2018-11-26,1143,1390,82.23
2018-11-27,1135,1390,81.65
2018-11-28,1140,1391,81.96
2018-11-29,1133,1391,81.45
2018-11-30,1116,1391,80.23
2018-12-03,1109,1392,79.67
2018-12-04,1113,1392,79.96
2018-12-05,1132,1392,81.32
2018-12-06,1154,1392,82.9
2018-12-07,1158,1393,83.13
2018-12-10,1179,1393,84.64
2018-12-11,1161,1394,83.29
2018-12-12,1119,1394,80.27
2018-12-13,1105,1394,79.27
2018-12-14,1109,1395,79.5
2018-12-17,1100,1395,78.85
2018-12-18,1082,1397,77.45
2018-12-19,1070,1398,76.54
2018-12-20,1060,1398,75.82
2018-12-21,1079,1398,77.18
2018-12-24,1103,1399,78.84
2018-12-26,1101,1399,78.7
2018-12-27,1092,1399,78.06
2018-12-28,1069,1399,76.41
2018-12-31,1053,1400,75.21
2019-01-01,1048,1401,74.8
2019-01-02,1062,1401,75.8
2019-01-03,1084,1401,77.37
2019-01-04,1075,1403,76.62
2019-01-07,1073,1403,76.48
2019-01-08,1074,1403,76.55
2019-01-09,1077,1403,76.76
2019-01-10,1077,1403,76.76
2019-01-11,1079,1404,76.85
2019-01-14,1086,1406,77.24
2019-01-15,1065,1406,75.75
2019-01-16,1060,1407,75.34
2019-01-17,1068,1407,75.91
2019-01-18,1085,1409,77.0
2019-01-21,1094,1409,77.64
2019-01-22,1107,1411,78.45
2019-01-23,1111,1412,78.68
2019-01-24,1120,1412,79.32
2019-01-25,1150,1413,81.39
2019-01-28,1185,1413,83.86
2019-01-29,1177,1413,83.3
2019-01-30,1179,1413,83.44
2019-01-31,1167,1415,82.47
2019-02-01,1164,1416,82.2
2019-02-04,1179,1416,83.26
2019-02-05,1186,1417,83.7
2019-02-06,1180,1417,83.27
2019-02-07,1169,1417,82.5
2019-02-08,1180,1417,83.27
2019-02-11,1197,1417,84.47
2019-02-12,1203,1419,84.78
2019-02-14,1211,1421,85.22
2019-02-15,1232,1421,86.7
2019-02-18,1230,1421,86.56
2019-02-19,1218,1421,85.71
2019-02-20,1218,1421,85.71
2019-02-21,1204,1422,84.67
2019-02-22,1195,1422,84.04
2019-02-25,1181,1423,82.99
2019-02-26,1181,1423,82.99
2019-02-27,1175,1424,82.51
2019-02-28,1153,1424,80.97
2019-03-01,1124,1425,78.88
2019-03-05,1074,1426,75.32
2019-03-06,1040,1426,72.93
2019-03-07,1034,1426,72.51
2019-03-08,1044,1426,73.21
2019-03-11,990,1427,69.38
2019-03-12,944,1427,66.15
2019-03-13,956,1427,66.99
2019-03-14,955,1427,66.92
2019-03-15,978,1429,68.44
2019-03-18,982,1429,68.72
2019-03-19,963,1430,67.34
2019-03-20,978,1430,68.39
2019-03-22,996,1431,69.6
2019-03-25,1030,1431,71.98
2019-03-26,1011,1431,70.65
2019-03-27,986,1431,68.9
2019-03-28,961,1431,67.16
2019-04-01,901,1431,62.96
2019-04-02,917,1431,64.08
2019-04-03,925,1431,64.64
2019-04-04,931,1431,65.06
2019-04-05,904,1432,63.13
2019-04-08,922,1432,64.39
2019-04-09,921,1432,64.32
2019-04-10,929,1434,64.78
2019-04-11,928,1434,64.71
2019-04-12,907,1436,63.16
2019-04-15,885,1436,61.63
2019-04-16,886,1436,61.7
2019-04-18,911,1436,63.44
2019-04-22,950,1436,66.16
2019-04-23,960,1438,66.76
2019-04-24,946,1440,65.69
2019-04-25,939,1440,65.21
2019-04-26,951,1441,66.0
2019-04-30,994,1442,68.93
2019-05-02,989,1444,68.49
2019-05-03,1003,1445,69.41
2019-05-06,1023,1447,70.7
2019-05-07,1035,1448,71.48
2019-05-08,1065,1448,73.55
2019-05-09,1080,1448,74.59
2019-05-10,1083,1448,74.79
2019-05-13,1123,1449,77.5
2019-05-14,1124,1449,77.57
2019-05-15,1122,1449,77.43
2019-05-16,1129,1449,77.92
2019-05-17,1111,1449,76.67
2019-05-20,1019,1449,70.32
2019-05-21,1044,1449,72.05
2019-05-22,1035,1449,71.43
2019-05-23,1033,1450,71.24
2019-05-24,960,1450,66.21
2019-05-27,880,1451,60.65
2019-05-28,874,1451,60.23
2019-05-29,883,1451,60.85
2019-05-30,878,1451,60.51
2019-05-31,908,1451,62.58
2019-06-03,906,1451,62.44
2019-06-04,903,1452,62.19
2019-06-06,938,1452,64.6
2019-06-07,959,1452,66.05
2019-06-10,959,1453,66.0
2019-06-11,969,1453,66.69
2019-06-12,974,1453,67.03
2019-06-13,987,1453,67.93
2019-06-14,1000,1453,68.82
2019-06-17,1037,1453,71.37
2019-06-18,1053,1453,72.47
2019-06-19,1078,1453,74.19
2019-06-20,1066,1454,73.31
2019-06-21,1060,1454,72.9
2019-06-24,1057,1454,72.7
2019-06-25,1049,1454,72.15
2019-06-26,1030,1455,70.79
2019-06-27,1020,1455,70.1
2019-06-28,1013,1455,69.62
2019-07-01,1007,1455,69.21
2019-07-02,1006,1455,69.14
2019-07-03,992,1455,68.18
2019-07-04,990,1455,68.04
2019-07-05,1022,1455,70.24
2019-07-08,1073,1455,73.75
2019-07-09,1071,1455,73.61
2019-07-10,1080,1455,74.23
2019-07-11,1077,1456,73.97
2019-07-12,1066,1456,73.21
2019-07-15,1078,1458,73.94
2019-07-16,1074,1458,73.66
2019-07-17,1066,1458,73.11
2019-07-18,1087,1459,74.5
2019-07-19,1128,1459,77.31
2019-07-22,1144,1460,78.36
2019-07-23,1142,1460,78.22
2019-07-24,1155,1461,79.06
2019-07-25,1162,1461,79.53
2019-07-26,1148,1461,78.58
2019-07-29,1163,1462,79.55
2019-07-30,1198,1462,81.94
2019-07-31,1184,1463,80.93
2019-08-01,1210,1464,82.65
2019-08-02,1219,1465,83.21
2019-08-05,1245,1465,84.98
2019-08-06,1228,1466,83.77
2019-08-07,1231,1466,83.97
2019-08-08,1216,1467,82.89
2019-08-09,1205,1467,82.14
2019-08-13,1215,1467,82.82
2019-08-14,1207,1467,82.28
2019-08-16,1208,1468,82.29
2019-08-19,1199,1469,81.62
2019-08-20,1209,1469,82.3
2019-08-21,1230,1472,83.56
2019-08-22,1256,1473,85.27
2019-08-23,1253,1473,85.06
2019-08-26,1238,1474,83.99
2019-08-27,1215,1474,82.43
2019-08-28,1226,1474,83.18
2019-08-29,1234,1475,83.66
2019-08-30,1222,1475,82.85
2019-09-03,1236,1475,83.8
2019-09-04,1228,1475,83.25
2019-09-05,1222,1475,82.85
2019-09-06,1202,1475,81.49
2019-09-09,1185,1475,80.34
2019-09-11,1141,1475,77.36
2019-09-12,1146,1476,77.64
2019-09-13,1113,1476,75.41
2019-09-16,1107,1476,75.0
2019-09-17,1150,1476,77.91
2019-09-18,1138,1476,77.1
2019-09-19,1169,1476,79.2
2019-09-20,1096,1476,74.25
2019-09-23,1038,1476,70.33
2019-09-24,1042,1476,70.6
2019-09-25,1070,1477,72.44
2019-09-26,1052,1477,71.23
2019-09-27,1071,1477,72.51
2019-09-30,1076,1477,72.85
2019-10-01,1119,1477,75.76
2019-10-03,1124,1477,76.1
2019-10-04,1143,1477,77.39
2019-10-07,1162,1477,78.67
2019-10-09,1151,1477,77.93
2019-10-10,1163,1477,78.74
2019-10-11,1151,1477,77.93
2019-10-14,1147,1477,77.66
2019-10-15,1152,1477,78.0
2019-10-16,1143,1477,77.39
2019-10-17,1132,1477,76.64
2019-10-18,1094,1478,74.02
2019-10-22,1095,1478,74.09
2019-10-23,1087,1478,73.55
2019-10-24,1095,1478,74.09
2019-10-25,1099,1480,74.26
2019-10-27,1087,1480,73.45
2019-10-29,1064,1480,71.89
2019-10-30,1052,1480,71.08
2019-10-31,1023,1480,69.12
2019-11-01,1016,1480,68.65
2019-11-04,1006,1480,67.97
2019-11-05,1027,1480,69.39
2019-11-06,1023,1480,69.12
2019-11-07,1009,1480,68.18
2019-11-08,1027,1480,69.39
2019-11-11,1014,1480,68.51
2019-11-13,1041,1480,70.34
2019-11-14,1039,1480,70.2
2019-11-15,1041,1480,70.34
2019-11-18,1037,1480,70.07
2019-11-19,1037,1480,70.07
2019-11-20,1036,1480,70.0
2019-11-21,1045,1480,70.61
2019-11-22,1035,1480,69.93
2019-11-25,1022,1482,68.96
2019-11-26,1030,1482,69.5
2019-11-27,1031,1482,69.57
2019-11-28,1025,1482,69.16
2019-11-29,1022,1482,68.96
2019-12-02,1025,1482,69.16
2019-12-03,1050,1483,70.8
2019-12-04,1046,1483,70.53
2019-12-05,1049,1483,70.73
2019-12-06,1080,1484,72.78
2019-12-09,1070,1484,72.1
2019-12-10,1101,1484,74.19
2019-12-11,1108,1484,74.66
2019-12-12,1097,1484,73.92
2019-12-13,1075,1484,72.44
2019-12-16,1075,1484,72.44
2019-12-17,1062,1484,71.56
2019-12-18,1068,1484,71.97
2019-12-19,1056,1484,71.16
2019-12-20,1058,1484,71.29
2019-12-23,1061,1484,71.5
2019-12-24,1048,1484,70.62
2019-12-26,1033,1484,69.61
2019-12-27,1017,1484,68.53
2019-12-30,997,1485,67.14
2019-12-31,997,1485,67.14
2020-01-01,973,1485,65.52
2020-01-02,919,1485,61.89
2020-01-03,917,1486,61.71
2020-01-06,984,1486,66.22
2020-01-07,947,1486,63.73
2020-01-08,954,1486,64.2
2020-01-09,905,1486,60.9
2020-01-10,879,1486,59.15
2020-01-13,819,1486,55.11
2020-01-14,800,1486,53.84
2020-01-15,788,1486,53.03
2020-01-16,746,1486,50.2
2020-01-17,737,1486,49.6
2020-01-20,764,1486,51.41
2020-01-21,760,1486,51.14
2020-01-22,767,1486,51.62
2020-01-23,751,1487,50.5
2020-01-24,724,1487,48.69
2020-01-27,739,1487,49.7
2020-01-28,769,1487,51.71
2020-01-29,752,1487,50.57
2020-01-30,791,1487,53.19
2020-01-31,806,1487,54.2
2020-02-03,922,1487,62.0
2020-02-04,869,1488,58.4
2020-02-05,854,1488,57.39
2020-02-06,821,1489,55.14
2020-02-07,828,1490,55.57
2020-02-10,845,1490,56.71
2020-02-11,851,1491,57.08
2020-02-12,861,1491,57.75
2020-02-13,859,1492,57.57
2020-02-14,882,1492,59.12
2020-02-17,900,1492,60.32
2020-02-18,924,1492,61.93
2020-02-19,902,1492,60.46
2020-02-20,891,1492,59.72
2020-02-24,941,1492,63.07
2020-02-25,944,1492,63.27
2020-02-26,977,1494,65.39
2020-02-27,980,1494,65.6
2020-02-28,1058,1494,70.82
2020-03-02,1079,1494,72.22
2020-03-03,1066,1494,71.35
2020-03-04,1090,1494,72.96
2020-03-05,1089,1494,72.89
2020-03-06,1128,1494,75.5
2020-03-09,1185,1494,79.32
2020-03-11,1195,1494,79.99
2020-03-12,1294,1494,86.61
2020-03-13,1276,1494,85.41
2020-03-16,1327,1494,88.82
2020-03-17,1339,1494,89.63
2020-03-18,1379,1494,92.3
2020-03-19,1393,1494,93.24
2020-03-20,1371,1495,91.71
2020-03-23,1418,1496,94.79
2020-03-24,1416,1496,94.65
2020-03-25,1406,1496,93.98
2020-03-26,1402,1496,93.72
2020-03-27,1405,1496,93.92
2020-03-30,1406,1496,93.98
2020-03-31,1395,1496,93.25
2020-04-01,1393,1496,93.11
2020-04-03,1391,1496,92.98
2020-04-07,1366,1496,91.31
2020-04-08,1358,1497,90.71
2020-04-09,1334,1498,89.05
2020-04-13,1319,1498,88.05
2020-04-15,1306,1498,87.18
2020-04-16,1298,1498,86.65
2020-04-17,1278,1498,85.31
2020-04-20,1270,1498,84.78
2020-04-21,1284,1498,85.71
2020-04-22,1272,1498,84.91
2020-04-23,1261,1498,84.18
2020-04-24,1270,1498,84.78
2020-04-27,1257,1498,83.91
2020-04-28,1248,1498,83.31
2020-04-29,1242,1499,82.86
2020-04-30,1234,1499,82.32
2020-05-04,1262,1499,84.19
2020-05-05,1273,1499,84.92
2020-05-06,1267,1499,84.52
2020-05-07,1267,1499,84.52
2020-05-08,1275,1499,85.06
2020-05-11,1284,1500,85.6
2020-05-12,1282,1501,85.41
2020-05-13,1265,1502,84.22
2020-05-14,1271,1502,84.62
2020-05-15,1268,1502,84.42
2020-05-18,1275,1502,84.89
2020-05-19,1274,1502,84.82
2020-05-20,1269,1502,84.49
2020-05-21,1246,1502,82.96
2020-05-22,1247,1502,83.02
2020-05-26,1251,1502,83.29
2020-05-27,1244,1503,82.77
2020-05-28,1228,1503,81.7
2020-05-29,1211,1503,80.57
2020-06-01,1180,1503,78.51
2020-06-02,1158,1503,77.05
2020-06-03,1126,1503,74.92
2020-06-04,1116,1503,74.25
2020-06-05,1044,1504,69.41
2020-06-08,1003,1504,66.69
2020-06-09,1008,1504,67.02
2020-06-10,988,1504,65.69
2020-06-11,1017,1504,67.62
2020-06-12,1007,1509,66.73
2020-06-15,996,1510,65.96
2020-06-16,1009,1510,66.82
2020-06-17,997,1511,65.98
2020-06-18,946,1511,62.61
2020-06-19,907,1511,60.03
2020-06-22,845,1511,55.92
2020-06-23,801,1511,53.01
2020-06-24,809,1511,53.54
2020-06-25,814,1511,53.87
2020-06-26,780,1511,51.62
2020-06-29,810,1511,53.61
2020-06-30,831,1511,55.0
2020-07-01,814,1511,53.87
2020-07-02,807,1511,53.41
2020-07-03,805,1511,53.28
2020-07-06,768,1512,50.79
2020-07-07,750,1512,49.6
2020-07-08,758,1512,50.13
2020-07-09,755,1512,49.93
2020-07-10,768,1512,50.79
2020-07-13,777,1513,51.35
2020-07-14,826,1513,54.59
2020-07-15,832,1513,54.99
2020-07-16,827,1513,54.66
2020-07-17,806,1513,53.27
2020-07-20,785,1513,51.88
2020-07-21,774,1513,51.16
2020-07-22,776,1513,51.29
2020-07-23,762,1513,50.36
2020-07-24,779,1513,51.49
2020-07-27,823,1513,54.4
2020-07-28,803,1513,53.07
2020-07-29,808,1513,53.4
2020-07-30,818,1513,54.06
2020-07-31,830,1513,54.86
2020-08-03,809,1514,53.43
2020-08-04,772,1515,50.96
2020-08-05,755,1516,49.8
2020-08-06,720,1516,47.49
2020-08-07,675,1517,44.5
2020-08-10,647,1517,42.65
2020-08-11,618,1519,40.68
2020-08-12,603,1519,39.7
2020-08-13,574,1519,37.79
2020-08-14,593,1519,39.04
2020-08-17,561,1519,36.93
2020-08-18,514,1519,33.84
2020-08-19,471,1519,31.01
2020-08-20,434,1519,28.57
2020-08-21,396,1519,26.07
2020-08-24,378,1519,24.88
2020-08-25,374,1519,24.62
2020-08-26,340,1519,22.38
2020-08-27,322,1519,21.2
2020-08-28,325,1520,21.38
2020-08-31,455,1520,29.93
2020-09-01,460,1520,30.26
2020-09-02,425,1520,27.96
2020-09-03,421,1520,27.7
2020-09-04,452,1520,29.74
2020-09-07,470,1521,30.9
2020-09-08,512,1521,33.66
2020-09-09,548,1521,36.03
2020-09-10,511,1521,33.6
2020-09-11,506,1521,33.27
2020-09-14,445,1521,29.26
2020-09-15,438,1521,28.8
2020-09-16,419,1521,27.55
2020-09-17,440,1521,28.93
2020-09-18,450,1521,29.59
2020-09-21,541,1522,35.55
2020-09-22,610,1522,40.08
2020-09-23,607,1522,39.88
2020-09-24,687,1522,45.14
2020-09-25,615,1522,40.41
2020-09-28,555,1523,36.44
2020-09-29,555,1524,36.42
2020-09-30,556,1524,36.48
2020-10-01,535,1524,35.1
2020-10-05,525,1524,34.45
2020-10-06,503,1524,33.01
2020-10-07,518,1524,33.99
2020-10-08,527,1524,34.58
2020-10-09,526,1524,34.51
2020-10-12,560,1524,36.75
2020-10-13,573,1525,37.57
2020-10-14,583,1525,38.23
2020-10-15,619,1526,40.56
2020-10-16,595,1526,38.99
2020-10-19,583,1526,38.2
2020-10-20,571,1526,37.42
2020-10-21,554,1526,36.3
2020-10-22,535,1526,35.06
2020-10-23,505,1526,33.09
2020-10-26,518,1526,33.94
2020-10-27,521,1526,34.14
2020-10-28,534,1527,34.97
2020-10-29,559,1527,36.61
2020-10-30,559,1527,36.61
2020-11-02,575,1527,37.66
2020-11-03,565,1527,37.0
2020-11-04,554,1527,36.28
2020-11-05,512,1527,33.53
2020-11-06,493,1527,32.29
2020-11-09,482,1527,31.57
2020-11-10,459,1527,30.06
2020-11-11,449,1528,29.38
2020-11-12,432,1529,28.25
2020-11-13,404,1529,26.42
2020-11-14,369,1529,24.13
2020-11-17,336,1529,21.98
2020-11-18,308,1529,20.14
2020-11-19,301,1529,19.69
2020-11-20,289,1529,18.9
2020-11-23,268,1529,17.53
2020-11-24,243,1529,15.89
2020-11-25,253,1529,16.55
2020-11-26,222,1529,14.52
2020-11-27,209,1529,13.67
2020-12-01,180,1531,11.76
2020-12-02,171,1531,11.17
2020-12-03,152,1533,9.92
2020-12-04,137,1533,8.94
2020-12-07,115,1533,7.5
2020-12-08,107,1533,6.98
2020-12-09,91,1533,5.94
2020-12-10,92,1533,6.0
2020-12-11,89,1533,5.81
2020-12-14,83,1533,5.41
2020-12-15,83,1533,5.41
2020-12-16,72,1533,4.7
2020-12-17,73,1533,4.76
2020-12-18,80,1533,5.22
2020-12-21,115,1533,7.5
2020-12-22,106,1533,6.91
2020-12-23,90,1533,5.87
2020-12-24,89,1533,5.81
2020-12-28,76,1533,4.96
2020-12-29,73,1534,4.76
2020-12-30,76,1534,4.95
2020-12-31,71,1535,4.63
2021-01-01,67,1535,4.36
2021-01-04,65,1535,4.23
2021-01-05,67,1535,4.36
2021-01-06,65,1535,4.23
2021-01-07,61,1535,3.97
2021-01-08,63,1535,4.1
2021-01-11,66,1535,4.3
2021-01-12,64,1535,4.17
2021-01-13,72,1535,4.69
2021-01-14,68,1536,4.43
2021-01-15,72,1537,4.68
2021-01-18,81,1537,5.27
2021-01-19,78,1537,5.07
2021-01-20,82,1537,5.34
2021-01-21,92,1537,5.99
2021-01-22,109,1537,7.09
2021-01-25,129,1537,8.39
2021-01-27,143,1538,9.3
2021-01-28,146,1538,9.49
2021-01-29,151,1538,9.82
2021-02-01,135,1538,8.78
2021-02-02,132,1538,8.58
2021-02-03,126,1538,8.19
2021-02-04,120,1538,7.8
2021-02-05,128,1538,8.32
2021-02-08,125,1538,8.13
2021-02-09,139,1538,9.04
2021-02-10,152,1538,9.88
2021-02-11,150,1538,9.75
2021-02-12,146,1538,9.49
2021-02-15,164,1538,10.66
2021-02-16,168,1539,10.92
2021-02-17,167,1539,10.85
2021-02-18,157,1539,10.2
2021-02-19,164,1539,10.66
2021-02-22,194,1539,12.61
2021-02-23,187,1539,12.15
2021-02-24,180,1539,11.7
2021-02-25,176,1539,11.44
2021-02-26,189,1539,12.28
2021-03-01,180,1539,11.7
2021-03-02,175,1539,11.37
2021-03-03,157,1538,10.21
2021-03-04,148,1539,9.62
2021-03-05,160,1539,10.4
2021-03-08,162,1539,10.53
2021-03-09,176,1539,11.44
2021-03-10,172,1539,11.18
2021-03-12,176,1539,11.44
2021-03-15,203,1539,13.19
2021-03-16,201,1539,13.06
2021-03-17,226,1539,14.68
2021-03-18,262,1539,17.02
2021-03-19,277,1539,18.0
2021-03-22,276,1539,17.93
2021-03-23,266,1539,17.28
2021-03-24,295,1539,19.17
2021-03-25,365,1539,23.72
2021-03-26,358,1539,23.26
2021-03-30,361,1539,23.46
2021-03-31,372,1539,24.17
2021-04-01,310,1539,20.14
2021-04-05,343,1539,22.29
2021-04-06,325,1539,21.12
2021-04-07,299,1539,19.43
2021-04-08,280,1539,18.19
2021-04-09,259,1539,16.83
2021-04-12,378,1539,24.56
2021-04-13,345,1539,22.42
2021-04-15,359,1539,23.33
2021-04-16,342,1539,22.22
2021-04-19,411,1539,26.71
2021-04-20,396,1539,25.73
2021-04-22,370,1539,24.04
2021-04-23,362,1539,23.52
2021-04-26,349,1539,22.68
2021-04-27,331,1539,21.51
2021-04-28,316,1539,20.53
2021-04-29,312,1539,20.27
2021-04-30,315,1540,20.45
2021-05-03,315,1540,20.45
2021-05-04,299,1540,19.42
2021-05-05,298,1540,19.35
2021-05-06,282,1540,18.31
2021-05-07,282,1540,18.31
2021-05-10,260,1541,16.87
2021-05-11,235,1542,15.24
2021-05-12,228,1542,14.79
2021-05-14,235,1542,15.24
2021-05-17,221,1542,14.33
2021-05-18,204,1542,13.23
2021-05-19,199,1543,12.9
2021-05-20,190,1543,12.31
2021-05-21,180,1543,11.67
2021-05-24,173,1543,11.21
2021-05-25,159,1543,10.3
2021-05-26,146,1543,9.46
2021-05-27,140,1544,9.07
2021-05-28,146,1544,9.46
2021-05-31,138,1544,8.94
2021-06-01,150,1544,9.72
2021-06-02,135,1544,8.74
2021-06-03,122,1544,7.9
2021-06-04,114,1544,7.38
2021-06-07,97,1544,6.28
2021-06-08,94,1544,6.09
2021-06-09,98,1544,6.35
2021-06-10,85,1545,5.5
2021-06-11,79,1545,5.11
2021-06-14,79,1545,5.11
2021-06-15,73,1545,4.72
2021-06-16,81,1545,5.24
2021-06-17,90,1546,5.82
2021-06-18,99,1546,6.4
2021-06-21,99,1546,6.4
2021-06-22,89,1546,5.76
2021-06-23,89,1546,5.76
2021-06-24,93,1546,6.02
2021-06-25,89,1546,5.76
2021-06-28,86,1546,5.56
2021-06-29,91,1546,5.89
2021-06-30,95,1546,6.14
2021-07-01,98,1546,6.34
2021-07-02,95,1546,6.14
2021-07-05,90,1546,5.82
2021-07-06,91,1546,5.89
2021-07-07,89,1547,5.75
2021-07-08,94,1547,6.08
2021-07-09,95,1549,6.13
2021-07-12,91,1549,5.87
2021-07-13,86,1549,5.55
2021-07-14,88,1549,5.68
2021-07-15,83,1550,5.35
2021-07-16,84,1550,5.42
2021-07-19,87,1550,5.61
2021-07-20,96,1550,6.19
2021-07-22,90,1553,5.8
2021-07-23,99,1556,6.36
2021-07-26,104,1556,6.68
2021-07-27,107,1556,6.88
2021-07-28,116,1556,7.46
2021-07-29,113,1556,7.26
2021-07-30,108,1557,6.94
2021-08-02,108,1558,6.93
2021-08-03,111,1558,7.12
2021-08-04,121,1559,7.76
2021-08-05,136,1559,8.72
2021-08-06,129,1559,8.27
2021-08-09,139,1559,8.92
2021-08-10,177,1559,11.35
2021-08-11,203,1560,13.01
2021-08-12,160,1561,10.25
2021-08-13,167,1561,10.7
2021-08-16,184,1561,11.79
2021-08-17,213,1561,13.65
2021-08-18,224,1561,14.35
2021-08-20,267,1562,17.09
2021-08-23,338,1563,21.63
2021-08-24,304,1563,19.45
2021-08-25,285,1563,18.23
2021-08-26,273,1563,17.47
2021-08-27,260,1563,16.63
2021-08-30,247,1563,15.8
2021-08-31,247,1563,15.8
2021-09-01,249,1563,15.93
2021-09-02,231,1565,14.76
2021-09-03,225,1566,14.37
2021-09-06,223,1566,14.24
2021-09-07,231,1566,14.75
2021-09-08,231,1566,14.75
2021-09-09,221,1567,14.1
2021-09-13,220,1568,14.03
2021-09-14,205,1568,13.07
2021-09-15,197,1568,12.56
2021-09-16,186,1568,11.86
2021-09-17,205,1568,13.07
2021-09-20,244,1568,15.56
2021-09-21,244,1568,15.56
2021-09-22,225,1568,14.35
2021-09-23,209,1568,13.33
2021-09-24,232,1568,14.8
2021-09-27,228,1568,14.54
2021-09-28,238,1568,15.18
2021-09-29,231,1568,14.73
2021-09-30,226,1568,14.41
2021-10-01,219,1568,13.97
2021-10-04,199,1569,12.68
2021-10-05,189,1569,12.05
2021-10-06,198,1569,12.62
2021-10-07,182,1569,11.6
2021-10-08,173,1571,11.01
2021-10-11,168,1571,10.69
2021-10-12,166,1571,10.57
2021-10-13,165,1571,10.5
2021-10-14,171,1573,10.87
2021-10-18,172,1573,10.93
2021-10-19,196,1573,12.46
2021-10-20,225,1573,14.3
2021-10-21,238,1573,15.13
2021-10-22,261,1574,16.58
2021-10-25,298,1575,18.92
2021-10-26,271,1575,17.21
2021-10-27,280,1575,17.78
2021-10-28,313,1575,19.87
2021-10-29,337,1575,21.4
2021-11-01,308,1575,19.56
2021-11-02,288,1575,18.29
2021-11-03,296,1575,18.79
2021-11-04,264,1576,16.75
2021-11-08,260,1576,16.5
2021-11-09,250,1576,15.86
2021-11-10,252,1576,15.99
2021-11-11,263,1576,16.69
2021-11-12,262,1576,16.62
2021-11-15,296,1576,18.78
2021-11-16,302,1576,19.16
2021-11-17,316,1576,20.05
2021-11-18,356,1576,22.59
2021-11-22,456,1577,28.92
2021-11-23,419,1577,26.57
2021-11-24,399,1578,25.29
2021-11-25,384,1579,24.32
2021-11-26,467,1579,29.58
2021-11-29,543,1579,34.39
2021-11-30,540,1580,34.18
2021-12-01,521,1580,32.97
2021-12-02,482,1580,30.51
2021-12-03,468,1580,29.62
2021-12-06,497,1580,31.46
2021-12-07,455,1580,28.8
2021-12-08,417,1581,26.38
2021-12-09,393,1581,24.86
2021-12-10,365,1581,23.09
2021-12-13,363,1581,22.96
2021-12-14,377,1583,23.82
2021-12-15,379,1583,23.94
2021-12-16,405,1584,25.57
2021-12-17,478,1585,30.16
2021-12-20,605,1586,38.15
2021-12-21,568,1586,35.81
2021-12-22,535,1586,33.73
2021-12-23,512,1586,32.28
2021-12-24,549,1587,34.59
2021-12-27,533,1588,33.56
2021-12-28,483,1588,30.42
2021-12-29,465,1588,29.28
2021-12-30,453,1589,28.51
2021-12-31,430,1589,27.06
2022-01-03,379,1590,23.84
2022-01-04,375,1590,23.58
2022-01-05,356,1590,22.39
2022-01-06,361,1590,22.7
2022-01-07,345,1592,21.67
2022-01-10,317,1592,19.91
2022-01-11,320,1592,20.1
2022-01-12,315,1594,19.76
2022-01-13,300,1597,18.79
2022-01-14,295,1599,18.45
2022-01-17,270,1600,16.88
2022-01-18,316,1601,19.74
2022-01-19,332,1601,20.74
2022-01-20,332,1601,20.74
2022-01-21,391,1601,24.42
2022-01-24,531,1601,33.17
2022-01-25,489,1601,30.54
2022-01-27,502,1601,31.36
2022-01-28,484,1601,30.23
2022-01-31,465,1601,29.04
2022-02-01,445,1601,27.8
2022-02-02,405,1601,25.3
2022-02-03,412,1602,25.72
2022-02-04,436,1602,27.22
2022-02-07,467,1602,29.15
2022-02-08,504,1602,31.46
2022-02-09,494,1602,30.84
2022-02-10,489,1603,30.51
2022-02-11,546,1603,34.06
2022-02-14,691,1603,43.11
2022-02-15,643,1603,40.11
2022-02-16,616,1604,38.4
2022-02-17,643,1604,40.09
2022-02-18,656,1605,40.87
2022-02-21,733,1605,45.67
2022-02-22,815,1605,50.78
2022-02-23,767,1605,47.79
2022-02-24,977,1605,60.87
2022-02-25,867,1606,53.99
2022-02-28,849,1606,52.86
2022-03-02,857,1606,53.36
2022-03-03,828,1606,51.56
2022-03-04,872,1606,54.3
2022-03-07,943,1606,58.72
2022-03-08,896,1606,55.79
2022-03-09,832,1606,51.81
2022-03-10,805,1606,50.12
2022-03-11,772,1606,48.07
2022-03-14,773,1606,48.13
2022-03-15,811,1606,50.5
2022-03-16,772,1606,48.07
2022-03-17,754,1606,46.95
2022-03-21,759,1606,47.26
2022-03-22,752,1606,46.82
2022-03-23,767,1607,47.73
2022-03-24,776,1607,48.29
2022-03-25,791,1607,49.22
2022-03-28,825,1607,51.34
2022-03-29,835,1607,51.96
2022-03-30,803,1607,49.97
2022-03-31,798,1607,49.66
2022-04-01,732,1609,45.49
2022-04-04,678,1609,42.14
2022-04-05,639,1609,39.71
2022-04-06,600,1609,37.29
2022-04-07,597,1609,37.1
2022-04-08,565,1609,35.11
2022-04-11,554,1609,34.43
2022-04-12,596,1612,36.97
2022-04-13,578,1612,35.86
2022-04-18,615,1614,38.1
2022-04-19,622,1614,38.54
2022-04-20,630,1614,39.03
2022-04-21,578,1614,35.81
2022-04-22,592,1614,36.68
2022-04-25,654,1615,40.5
2022-04-26,628,1616,38.86
2022-04-27,646,1616,39.98
2022-04-28,643,1616,39.79
2022-04-29,695,1616,43.01
2022-05-02,715,1616,44.25
2022-05-04,815,1616,50.43
2022-05-05,836,1617,51.7
2022-05-06,905,1617,55.97
2022-05-09,958,1617,59.25
2022-05-10,1013,1619,62.57
2022-05-11,1089,1619,67.26
2022-05-12,1141,1619,70.48
2022-05-13,1091,1619,67.39
2022-05-16,1071,1619,66.15
2022-05-17,995,1621,61.38
2022-05-18,978,1622,60.3
2022-05-19,1024,1623,63.09
2022-05-20,974,1623,60.01
2022-05-23,1011,1624,62.25
2022-05-24,1043,1624,64.22
2022-05-25,1132,1624,69.7
2022-05-26,1129,1624,69.52
2022-05-27,1099,1625,67.63
2022-05-30,1046,1626,64.33
2022-05-31,1030,1627,63.31
2022-06-01,1021,1628,62.71
2022-06-02,1004,1628,61.67
2022-06-03,1036,1628,63.64
2022-06-06,1043,1632,63.91
2022-06-07,1066,1632,65.32
2022-06-08,1072,1633,65.65
2022-06-09,1060,1635,64.83
2022-06-10,1090,1636,66.63
2022-06-13,1169,1638,71.37
2022-06-14,1178,1638,71.92
2022-06-15,1164,1638,71.06
2022-06-16,1241,1638,75.76
2022-06-17,1260,1638,76.92
2022-06-20,1329,1638,81.14
2022-06-21,1279,1638,78.08
2022-06-22,1296,1639,79.07
2022-06-23,1282,1639,78.22
2022-06-24,1244,1639,75.9
2022-06-27,1227,1639,74.86
2022-06-28,1203,1639,73.4
2022-06-29,1204,1639,73.46
2022-06-30,1210,1639,73.83
2022-07-01,1205,1640,73.48
2022-07-04,1205,1640,73.48
2022-07-05,1194,1643,72.67
2022-07-06,1173,1643,71.39
2022-07-07,1147,1643,69.81
2022-07-08,1149,1643,69.93
2022-07-11,1125,1643,68.47
2022-07-12,1122,1643,68.29
2022-07-13,1130,1644,68.73
2022-07-14,1141,1644,69.4
2022-07-15,1127,1644,68.55
2022-07-18,1097,1644,66.73
2022-07-19,1067,1644,64.9
2022-07-20,1053,1645,64.01
2022-07-21,1033,1645,62.8
2022-07-22,1023,1645,62.19
2022-07-25,1030,1645,62.61
2022-07-26,1060,1645,64.44
2022-07-27,1046,1646,63.55
2022-07-28,1032,1647,62.66
2022-07-29,997,1648,60.5
2022-08-01,941,1648,57.1
2022-08-02,920,1648,55.83
2022-08-03,945,1649,57.31
2022-08-04,961,1649,58.28
2022-08-05,944,1649,57.25
2022-08-08,924,1649,56.03
2022-08-10,925,1649,56.09
2022-08-11,916,1649,55.55
2022-08-12,906,1649,54.94
2022-08-16,890,1650,53.94
2022-08-17,860,1650,52.12
2022-08-18,825,1650,50.0
2022-08-19,843,1650,51.09
2022-08-22,881,1651,53.36
2022-08-23,848,1651,51.36
2022-08-24,816,1651,49.42
2022-08-25,775,1652,46.91
2022-08-26,754,1652,45.64
2022-08-29,782,1653,47.31
2022-08-30,737,1653,44.59
2022-09-01,709,1655,42.84
2022-09-02,711,1658,42.88
2022-09-05,676,1659,40.75
2022-09-06,675,1659,40.69
2022-09-07,633,1661,38.11
2022-09-08,602,1661,36.24
2022-09-09,614,1664,36.9
2022-09-12,587,1664,35.28
2022-09-13,578,1667,34.67
2022-09-14,578,1668,34.65
2022-09-15,568,1668,34.05
2022-09-16,653,1669,39.13
2022-09-19,664,1670,39.76
2022-09-20,638,1670,38.2
2022-09-21,662,1670,39.64
2022-09-22,663,1670,39.7
2022-09-23,732,1670,43.83
2022-09-26,882,1670,52.81
2022-09-27,869,1672,51.97
2022-09-28,875,1673,52.3
2022-09-29,873,1674,52.15
2022-09-30,818,1675,48.84
2022-10-03,854,1675,50.99
2022-10-04,776,1675,46.33
2022-10-06,735,1676,43.85
2022-10-07,725,1677,43.23
2022-10-10,755,1678,44.99
2022-10-11,812,1679,48.36
2022-10-12,813,1681,48.36
2022-10-13,832,1683,49.44
2022-10-14,830,1684,49.29
2022-10-17,849,1685,50.39
2022-10-18,830,1685,49.26
2022-10-19,828,1685,49.14
2022-10-20,832,1686,49.35
2022-10-21,854,1686,50.65
2022-10-24,803,1686,47.63
2022-10-25,815,1686,48.34
2022-10-27,805,1688,47.69
2022-10-28,816,1689,48.31
2022-10-31,803,1689,47.54
2022-11-01,789,1689,46.71
2022-11-02,787,1689,46.6
2022-11-03,775,1689,45.89
2022-11-04,742,1689,43.93
2022-11-07,738,1689,43.69
2022-11-09,734,1689,43.46
2022-11-10,754,1689,44.64
2022-11-11,748,1689,44.29
2022-11-14,750,1689,44.4
2022-11-15,756,1689,44.76
2022-11-16,775,1690,45.86
2022-11-17,787,1691,46.54
2022-11-18,807,1692,47.7
2022-11-21,821,1693,48.49
2022-11-22,827,1693,48.85
2022-11-23,813,1694,47.99
2022-11-24,796,1695,46.96
2022-11-25,767,1695,45.25
2022-11-28,737,1695,43.48
2022-11-29,721,1696,42.51
2022-11-30,692,1696,40.8
2022-12-01,680,1696,40.09
2022-12-02,653,1696,38.5
2022-12-05,639,1696,37.68
2022-12-06,639,1696,37.68
2022-12-07,646,1699,38.02
2022-12-08,628,1699,36.96
2022-12-09,649,1699,38.2
2022-12-12,657,1699,38.67
2022-12-13,633,1700,37.24
2022-12-14,619,1700,36.41
2022-12-15,634,1700,37.29
2022-12-16,650,1700,38.24
2022-12-19,636,1700,37.41
2022-12-20,640,1700,37.65
2022-12-21,724,1700,42.59
2022-12-22,821,1700,48.29
2022-12-23,992,1700,58.35
2022-12-26,877,1700,51.59
2022-12-27,809,1700,47.59
2022-12-28,769,1700,45.24
2022-12-29,756,1700,44.47
2022-12-30,743,1700,43.71
2023-01-02,724,1700,42.59
2023-01-03,704,1700,41.41
2023-01-04,713,1700,41.94
2023-01-05,717,1700,42.18
2023-01-06,740,1701,43.5
2023-01-09,726,1702,42.66
2023-01-10,742,1702,43.6
2023-01-11,743,1702,43.65
2023-01-12,749,1703,43.98
2023-01-13,740,1704,43.43
2023-01-16,740,1704,43.43
2023-01-17,752,1704,44.13
2023-01-18,741,1704,43.49
2023-01-19,749,1705,43.93
2023-01-20,761,1705,44.63
2023-01-23,769,1705,45.1
2023-01-24,794,1707,46.51
2023-01-25,843,1708,49.36
2023-01-27,935,1710,54.68
2023-01-30,960,1713,56.04
2023-01-31,886,1714,51.69
2023-02-01,934,1715,54.46
2023-02-02,940,1716,54.78
2023-02-03,963,1716,56.12
2023-02-06,943,1717,54.92
2023-02-07,955,1718,55.59
2023-02-08,911,1718,53.03
2023-02-09,906,1718,52.74
2023-02-10,895,1718,52.1
2023-02-13,940,1719,54.68
2023-02-14,966,1720,56.16
2023-02-15,949,1720,55.17
2023-02-16,936,1722,54.36
2023-02-17,957,1722,55.57
2023-02-20,969,1722,56.27
2023-02-21,977,1723,56.7
2023-02-22,1017,1724,58.99
2023-02-23,1026,1724,59.51
2023-02-24,1053,1724,61.08
2023-02-27,1094,1724,63.46
2023-02-28,1093,1724,63.4
2023-03-01,1054,1725,61.1
2023-03-02,1065,1725,61.74
2023-03-03,1032,1725,59.83
2023-03-06,1020,1726,59.1
2023-03-08,1003,1728,58.04
2023-03-09,1030,1730,59.54
2023-03-10,1040,1731,60.08
2023-03-13,1125,1732,64.95
2023-03-14,1141,1733,65.84
2023-03-15,1153,1734,66.49
2023-03-16,1165,1734,67.19
2023-03-17,1159,1735,66.8
2023-03-20,1190,1735,68.59
2023-03-21,1182,1736,68.09
2023-03-22,1159,1736,66.76
2023-03-23,1158,1736,66.71
2023-03-24,1197,1736,68.95
2023-03-27,1241,1736,71.49
2023-03-28,1264,1736,72.81
2023-03-29,1229,1736,70.79
2023-03-31,1195,1736,68.84
2023-04-03,1160,1736,66.82
2023-04-05,1095,1736,63.08
2023-04-06,1076,1736,61.98
2023-04-10,1071,1737,61.66
2023-04-11,1047,1738,60.24
2023-04-12,1034,1738,59.49
2023-04-13,1016,1738,58.46
2023-04-17,1014,1738,58.34
2023-04-18,1004,1738,57.77
2023-04-19,992,1738,57.08
2023-04-20,980,1738,56.39
2023-04-21,994,1738,57.19
2023-04-24,989,1739,56.87
2023-04-25,974,1739,56.01
2023-04-26,967,1739,55.61
2023-04-27,945,1739,54.34
2023-04-28,917,1739,52.73
2023-05-02,904,1740,51.95
2023-05-03,909,1740,52.24
2023-05-04,871,1740,50.06
2023-05-05,901,1740,51.78
2023-05-08,873,1740,50.17
2023-05-09,883,1740,50.75
2023-05-10,872,1741,50.09
2023-05-11,842,1741,48.36
2023-05-12,842,1741,48.36
2023-05-15,844,1742,48.45
2023-05-16,848,1742,48.68
2023-05-17,850,1743,48.77
2023-05-18,857,1743,49.17
2023-05-19,864,1744,49.54
2023-05-22,861,1744,49.37
2023-05-23,842,1745,48.25
2023-05-24,845,1745,48.42
2023-05-25,833,1745,47.74
2023-05-26,831,1745,47.62
2023-05-29,807,1745,46.25
2023-05-30,814,1746,46.62
2023-05-31,810,1746,46.39
2023-06-01,788,1746,45.13
2023-06-02,751,1747,42.99
2023-06-05,715,1747,40.93
2023-06-06,705,1747,40.35
2023-06-07,655,1747,37.49
2023-06-08,677,1747,38.75
2023-06-09,681,1747,38.98
2023-06-12,659,1747,37.72
2023-06-13,638,1747,36.52
2023-06-14,623,1748,35.64
2023-06-15,634,1748,36.27
2023-06-16,611,1749,34.93
2023-06-19,599,1749,34.25
2023-06-20,581,1749,33.22
2023-06-21,582,1749,33.28
2023-06-22,604,1749,34.53
2023-06-23,646,1749,36.94
2023-06-26,640,1750,36.57
2023-06-27,628,1751,35.87
2023-06-28,618,1752,35.27
2023-06-30,597,1752,34.08
2023-07-03,583,1752,33.28
2023-07-04,578,1752,32.99
2023-07-05,554,1752,31.62
2023-07-06,536,1753,30.58
2023-07-07,538,1753,30.69
2023-07-10,562,1753,32.06
2023-07-11,558,1753,31.83
2023-07-12,552,1753,31.49
2023-07-13,578,1753,32.97
2023-07-14,539,1753,30.75
2023-07-17,513,1754,29.25
2023-07-18,526,1754,29.99
2023-07-19,510,1754,29.08
2023-07-20,512,1754,29.19
2023-07-21,511,1754,29.13
2023-07-24,517,1754,29.48
2023-07-25,521,1754,29.7
2023-07-26,523,1755,29.8
2023-07-27,511,1755,29.12
2023-07-28,503,1755,28.66
2023-07-31,488,1755,27.81
2023-08-01,470,1755,26.78
2023-08-02,492,1754,28.05
2023-08-03,486,1754,27.71
2023-08-04,471,1755,26.84
2023-08-07,451,1755,25.7
2023-08-08,449,1756,25.57
2023-08-09,427,1757,24.3
2023-08-10,426,1757,24.25
2023-08-11,441,1757,25.1
2023-08-14,481,1757,27.38
2023-08-16,479,1757,27.26
2023-08-17,459,1757,26.12
2023-08-18,463,1757,26.35
2023-08-21,451,1757,25.67
2023-08-22,425,1757,24.19
2023-08-23,410,1757,23.34
2023-08-24,404,1758,22.98
2023-08-25,412,1759,23.42
2023-08-28,405,1759,23.02
2023-08-29,371,1759,21.09
2023-08-30,332,1760,18.86
2023-08-31,349,1760,19.83
2023-09-01,326,1761,18.51
2023-09-04,296,1762,16.8
2023-09-05,281,1762,15.95
2023-09-06,278,1765,15.75
2023-09-07,260,1767,14.71
2023-09-08,249,1769,14.08
2023-09-11,225,1770,12.71
2023-09-12,295,1771,16.66
2023-09-13,277,1772,15.63
2023-09-14,262,1772,14.79
2023-09-15,258,1772,14.56
2023-09-18,262,1772,14.79
2023-09-20,273,1775,15.38
2023-09-21,282,1775,15.89
2023-09-22,290,1776,16.33
2023-09-25,283,1777,15.93
2023-09-26,284,1777,15.98
2023-09-27,268,1778,15.07
2023-09-28,291,1778,16.37
2023-09-29,267,1779,15.01
2023-10-03,267,1779,15.01
2023-10-04,279,1779,15.68
2023-10-05,264,1779,14.84
2023-10-06,264,1779,14.84
2023-10-09,295,1779,16.58
2023-10-10,273,1779,15.35
2023-10-11,257,1779,14.45
2023-10-12,252,1780,14.16
2023-10-13,260,1782,14.59
2023-10-16,246,1782,13.8
2023-10-17,232,1782,13.02
2023-10-18,243,1782,13.64
2023-10-19,241,1783,13.52
2023-10-20,254,1784,14.24
2023-10-23,380,1784,21.3
2023-10-25,427,1784,23.93
2023-10-26,443,1786,24.8
2023-10-27,371,1786,20.77
2023-10-30,363,1787,20.31
2023-10-31,367,1787,20.54
2023-11-01,384,1787,21.49
2023-11-02,355,1787,19.87
2023-11-03,331,1788,18.51
2023-11-06,299,1788,16.72
2023-11-07,302,1788,16.89
2023-11-08,297,1789,16.6
2023-11-09,324,1790,18.1
2023-11-10,333,1790,18.6
2023-11-13,305,1791,17.03
2023-11-15,302,1791,16.86
2023-11-16,298,1792,16.63
2023-11-17,294,1792,16.41
2023-11-20,286,1792,15.96
2023-11-21,275,1793,15.34
2023-11-22,278,1793,15.5
2023-11-23,269,1793,15.0
2023-11-24,269,1793,15.0
2023-11-28,267,1793,14.89
2023-11-29,268,1793,14.95
2023-11-30,264,1793,14.72
2023-12-01,255,1793,14.22
2023-12-04,245,1793,13.66
2023-12-05,237,1794,13.21
2023-12-06,232,1794,12.93
2023-12-07,217,1794,12.1
2023-12-08,219,1794,12.21
2023-12-11,219,1794,12.21
2023-12-12,220,1794,12.26
2023-12-13,215,1795,11.98
2023-12-14,213,1796,11.86
2023-12-15,207,1796,11.53
2023-12-18,197,1796,10.97
2023-12-19,192,1796,10.69
2023-12-20,244,1796,13.59
2023-12-21,231,1796,12.86
2023-12-22,220,1796,12.25
2023-12-26,214,1796,11.92
2023-12-27,212,1796,11.8
2023-12-28,212,1796,11.8
2023-12-29,206,1796,11.47
2024-01-01,194,1796,10.8
2024-01-02,189,1796,10.52
2024-01-03,183,1796,10.19
2024-01-04,166,1797,9.24
2024-01-05,164,1797,9.13
2024-01-08,176,1797,9.79
2024-01-09,175,1797,9.74
2024-01-10,178,1797,9.91
2024-01-11,167,1797,9.29
2024-01-12,156,1797,8.68
2024-01-15,162,1798,9.01
2024-01-16,179,1798,9.96
2024-01-17,195,1798,10.85
2024-01-18,208,1798,11.57
2024-01-19,202,1798,11.23
2024-01-23,251,1798,13.96
2024-01-24,237,1799,13.17
2024-01-25,236,1799,13.12
2024-01-29,226,1801,12.55
2024-01-30,235,1802,13.04
2024-01-31,211,1802,11.71
2024-02-01,210,1802,11.65
2024-02-02,224,1802,12.43
2024-02-05,229,1802,12.71
2024-02-06,234,1803,12.98
2024-02-07,230,1804,12.75
2024-02-08,240,1805,13.3
2024-02-09,261,1805,14.46
2024-02-12,330,1805,18.28
2024-02-13,326,1806,18.05
2024-02-14,309,1807,17.1
2024-02-15,298,1807,16.49
2024-02-16,279,1807,15.44
2024-02-19,279,1807,15.44
2024-02-20,275,1808,15.21
2024-02-21,281,1808,15.54
2024-02-22,279,1809,15.42
2024-02-23,275,1809,15.2
2024-02-26,285,1811,15.74
2024-02-27,303,1812,16.72
2024-02-28,354,1812,19.54
2024-02-29,365,1812,20.14
2024-03-01,343,1812,18.93
2024-03-04,355,1812,19.59
2024-03-05,384,1812,21.19
2024-03-06,463,1812,25.55
2024-03-07,446,1812,24.61
2024-03-11,519,1812,28.64
2024-03-12,599,1812,33.06
2024-03-13,827,1812,45.64
2024-03-14,710,1812,39.18
2024-03-15,727,1812,40.12
2024-03-18,703,1812,38.8
2024-03-19,747,1812,41.23
2024-03-20,752,1812,41.5
2024-03-21,705,1812,38.91
2024-03-22,673,1812,37.14
2024-03-26,725,1812,40.01
2024-03-27,742,1812,40.95
2024-03-28,739,1812,40.78
2024-04-01,596,1812,32.89
2024-04-02,550,1813,30.34
2024-04-03,488,1814,26.9
2024-04-04,462,1814,25.47
2024-04-05,431,1814,23.76
2024-04-08,447,1814,24.64
2024-04-09,462,1815,25.45
2024-04-10,461,1815,25.4
2024-04-12,482,1816,26.54
2024-04-15,576,1816,31.72
2024-04-16,559,1816,30.78
2024-04-18,556,1816,30.62
2024-04-19,570,1816,31.39
2024-04-22,523,1817,28.78
2024-04-23,483,1817,26.58
2024-04-24,471,1817,25.92
2024-04-25,475,1819,26.11
2024-04-26,463,1819,25.45
2024-04-29,456,1819,25.07
2024-04-30,451,1819,24.79
2024-05-02,458,1820,25.16
2024-05-03,474,1822,26.02
2024-05-06,535,1823,29.35
2024-05-07,595,1823,32.64
2024-05-08,593,1823,32.53
2024-05-09,694,1824,38.05
2024-05-10,677,1826,37.08
2024-05-13,680,1826,37.24
2024-05-14,633,1826,34.67
2024-05-15,603,1826,33.02
2024-05-16,599,1829,32.75
2024-05-17,577,1829,31.55
2024-05-21,595,1829,32.53
2024-05-22,588,1830,32.13
2024-05-23,586,1831,32.0
2024-05-24,600,1832,32.75
2024-05-27,625,1832,34.12
2024-05-28,663,1832,36.19
2024-05-29,685,1832,37.39
2024-05-30,739,1833,40.32
2024-05-31,753,1834,41.06
2024-06-03,713,1835,38.86
2024-06-04,961,1835,52.37
2024-06-05,850,1836,46.3
2024-06-06,738,1836,40.2
2024-06-07,649,1839,35.29
2024-06-10,617,1839,33.55
2024-06-11,584,1840,31.74
2024-06-12,536,1842,29.1
2024-06-13,497,1843,26.97
2024-06-14,472,1843,25.61
2024-06-18,475,1846,25.73
2024-06-19,502,1846,27.19
2024-06-20,449,1847,24.31
2024-06-21,459,1847,24.85
2024-06-24,446,1847,24.15
2024-06-25,460,1849,24.88
2024-06-26,448,1849,24.23
2024-06-27,484,1850,26.16
2024-06-28,481,1851,25.99
2024-07-01,426,1851,23.01
2024-07-02,411,1852,22.19
2024-07-03,403,1852,21.76
2024-07-04,389,1853,20.99
2024-07-05,373,1853,20.13
2024-07-08,393,1855,21.19
2024-07-09,383,1855,20.65
2024-07-10,414,1855,22.32
2024-07-11,396,1856,21.34
2024-07-12,409,1856,22.04
2024-07-15,407,1857,21.92
2024-07-16,389,1858,20.94
2024-07-18,433,1859,23.29
2024-07-19,511,1860,27.47
2024-07-22,512,1861,27.51
2024-07-23,518,1863,27.8
2024-07-24,457,1865,24.5
2024-07-25,457,1866,24.49
2024-07-26,403,1866,21.6
2024-07-29,380,1867,20.35
2024-07-30,355,1869,18.99
2024-07-31,352,1869,18.83
2024-08-01,386,1871,20.63
2024-08-02,397,1871,21.22
2024-08-05,563,1871,30.09
2024-08-06,574,1871,30.68
2024-08-07,498,1872,26.6
2024-08-08,502,1872,26.82
2024-08-09,490,1873,26.16
2024-08-12,507,1873,27.07
2024-08-13,555,1873,29.63
2024-08-14,584,1874,31.16
2024-08-16,559,1874,29.83
2024-08-19,516,1874,27.53
2024-08-20,479,1874,25.56
2024-08-21,447,1875,23.84
2024-08-22,421,1875,22.45
2024-08-23,424,1875,22.61
2024-08-26,426,1877,22.7
2024-08-27,409,1878,21.78
2024-08-28,407,1877,21.68
2024-08-29,439,1877,23.39
2024-08-30,429,1879,22.83
2024-09-02,444,1880,23.62
2024-09-03,443,1880,23.56
2024-09-04,453,1880,24.1
2024-09-05,440,1882,23.38
2024-09-06,481,1883,25.54
2024-09-09,499,1883,26.5
2024-09-10,458,1883,24.32
2024-09-11,494,1884,26.22
2024-09-12,479,1884,25.42
2024-09-13,442,1884,23.46
2024-09-16,428,1884,22.72
2024-09-17,441,1884,23.41
2024-09-18,467,1884,24.79
2024-09-19,521,1884,27.65
2024-09-20,483,1885,25.62
2024-09-23,463,1887,24.54
2024-09-24,469,1888,24.84
2024-09-25,476,1889,25.2
2024-09-26,496,1889,26.26
2024-09-27,504,1889,26.68
2024-09-30,496,1889,26.26
2024-10-01,492,1889,26.05
2024-10-03,561,1889,29.7
2024-10-04,596,1889,31.55
2024-10-07,764,1889,40.44
2024-10-08,669,1889,35.42
2024-10-09,616,1889,32.61
2024-10-10,608,1889,32.19
2024-10-11,600,1890,31.75
2024-10-14,605,1892,31.98
2024-10-15,601,1893,31.75
2024-10-16,592,1894,31.26
2024-10-17,643,1896,33.91
2024-10-18,657,1899,34.6
2024-10-21,739,1901,38.87
2024-10-22,894,1902,47.0
2024-10-23,886,1902,46.58
2024-10-24,904,1903,47.5
2024-10-25,1020,1903,53.6
2024-10-28,977,1903,51.34
2024-10-29,950,1903,49.92
2024-10-30,872,1903,45.82
2024-10-31,832,1903,43.72
2024-11-01,778,1904,40.86
2024-11-04,852,1904,44.75
2024-11-05,820,1904,43.07
2024-11-06,752,1904,39.5
2024-11-07,766,1905,40.21
2024-11-08,805,1905,42.26
2024-11-11,851,1905,44.67
2024-11-12,931,1906,48.85
2024-11-13,1079,1908,56.55
2024-11-14,1066,1908,55.87
2024-11-18,1101,1909,57.67
2024-11-19,1062,1909,55.63
2024-11-21,1127,1910,59.01
2024-11-22,1089,1911,56.99
2024-11-25,1035,1911,54.16
2024-11-26,1004,1911,52.54
2024-11-27,956,1911,50.03
2024-11-28,934,1912,48.85
2024-11-29,912,1912,47.7
2024-12-02,861,1912,45.03
2024-12-03,812,1912,42.47
2024-12-04,790,1913,41.3
2024-12-05,765,1913,39.99
2024-12-06,736,1917,38.39
2024-12-09,711,1917,37.09
2024-12-10,698,1919,36.37
2024-12-11,680,1919,35.44
2024-12-12,722,1920,37.6
2024-12-13,745,1920,38.8
2024-12-16,719,1920,37.45
2024-12-17,740,1920,38.54
2024-12-18,800,1920,41.67
2024-12-19,809,1921,42.11
2024-12-20,913,1922,47.5
2024-12-23,946,1923,49.19
2024-12-24,931,1923,48.41
2024-12-26,958,1923,49.82
2024-12-27,947,1925,49.19
2024-12-30,986,1925,51.22
2024-12-31,969,1926,50.31
2025-01-01,919,1926,47.72
2025-01-02,900,1929,46.66
2025-01-03,885,1930,45.85
2025-01-06,1045,1931,54.12
2025-01-07,985,1931,51.01
2025-01-08,1027,1931,53.18
2025-01-09,1078,1932,55.8
2025-01-10,1186,1932,61.39
2025-01-13,1333,1933,68.96
2025-01-14,1264,1934,65.36
2025-01-15,1261,1934,65.2
2025-01-16,1223,1934,63.24
2025-01-17,1212,1934,62.67
2025-01-20,1189,1934,61.48
2025-01-21,1252,1934,64.74
2025-01-22,1302,1935,67.29
2025-01-23,1279,1935,66.1
2025-01-24,1347,1935,69.61
2025-01-27,1467,1935,75.81
2025-01-28,1518,1935,78.45
2025-01-29,1440,1936,74.38
2025-01-30,1437,1937,74.19
2025-01-31,1386,1937,71.55
2025-02-01,1372,1937,70.83
2025-02-03,1415,1937,73.05
2025-02-04,1389,1937,71.71
2025-02-05,1356,1937,70.01
2025-02-06,1356,1938,69.97
2025-02-07,1359,1938,70.12
2025-02-10,1441,1938,74.36
2025-02-11,1558,1939,80.35
2025-02-12,1551,1940,79.95
2025-02-13,1565,1941,80.63
2025-02-14,1633,1941,84.13
2025-02-17,1663,1941,85.68
2025-02-18,1688,1941,86.97
2025-02-19,1650,1941,85.01
2025-02-20,1629,1941,83.93
2025-02-21,1627,1942,83.78
2025-02-24,1667,1942,85.84
2025-02-25,1667,1943,85.8
2025-02-27,1703,1943,87.65
2025-02-28,1748,1945,89.87
2025-03-03,1753,1945,90.13
2025-03-04,1751,1945,90.03
2025-03-05,1723,1945,88.59
2025-03-06,1693,1945,87.04
2025-03-07,1678,1946,86.23
2025-03-10,1709,1946,87.82
2025-03-11,1711,1946,87.92
2025-03-12,1722,1946,88.49
2025-03-13,1734,1946,89.11
2025-03-17,1738,1947,89.27
2025-03-18,1735,1947,89.11
2025-03-19,1676,1947,86.08
2025-03-20,1653,1949,84.81
2025-03-21,1631,1949,83.68
2025-03-24,1603,1949,82.25
2025-03-25,1625,1949,83.38
2025-03-26,1654,1950,84.82
2025-03-27,1637,1950,83.95
2025-03-28,1638,1951,83.96
2025-04-01,1642,1951,84.16
2025-04-02,1622,1951,83.14
2025-04-03,1591,1952,81.51
2025-04-04,1649,1952,84.48
2025-04-07,1728,1952,88.52
2025-04-08,1694,1952,86.78
2025-04-09,1702,1952,87.19
2025-04-11,1662,1952,85.14
2025-04-15,1600,1955,81.84
2025-04-16,1569,1955,80.26
2025-04-17,1554,1956,79.45
2025-04-21,1516,1956,77.51
2025-04-22,1494,1958,76.3
2025-04-23,1477,1959,75.4
2025-04-24,1486,1959,75.86
2025-04-25,1556,1959,79.43
2025-04-28,1550,1959,79.12
2025-04-29,1551,1959,79.17
2025-04-30,1595,1959,81.42
2025-05-02,1603,1959,81.83
2025-05-05,1573,1959,80.3
2025-05-06,1637,1962,83.44
2025-05-07,1604,1962,81.75
2025-05-08,1621,1962,82.62
2025-05-09,1649,1962,84.05
2025-05-12,1536,1962,78.29
2025-05-13,1504,1962,76.66
2025-05-14,1452,1962,74.01
2025-05-15,1415,1962,72.12
2025-05-16,1371,1963,69.84
2025-05-19,1337,1963,68.11
2025-05-20,1366,1963,69.59
2025-05-21,1349,1963,68.72
2025-05-22,1354,1963,68.98
2025-05-23,1323,1964,67.36
2025-05-26,1291,1965,65.7
2025-05-27,1289,1965,65.6
2025-05-28,1292,1965,65.75
2025-05-29,1273,1966,64.75
2025-05-30,1290,1968,65.55
2025-06-02,1274,1968,64.74
2025-06-03,1275,1972,64.66
2025-06-04,1262,1972,64.0
2025-06-05,1224,1973,62.04
2025-06-06,1202,1973,60.92
2025-06-09,1135,1975,57.47
2025-06-10,1120,1975,56.71
2025-06-11,1084,1975,54.89
2025-06-12,1148,1975,58.13
2025-06-13,1187,1976,60.07
2025-06-16,1151,1978,58.19
2025-06-17,1181,1979,59.68
2025-06-18,1221,1981,61.64
2025-06-19,1316,1981,66.43
2025-06-20,1280,1981,64.61
2025-06-23,1266,1982,63.87
2025-06-24,1220,1983,61.52
2025-06-25,1149,1983,57.94
2025-06-26,1137,1984,57.31
2025-06-27,1118,1986,56.29
2025-06-30,1063,1986,53.52
2025-07-01,1064,1986,53.58
2025-07-02,1073,1987,54.0
2025-07-03,1061,1989,53.34
2025-07-04,1040,1993,52.18
2025-07-07,1061,1994,53.21
2025-07-08,1056,1995,52.93
2025-07-09,1039,1996,52.05
2025-07-10,1028,1997,51.48
2025-07-11,1054,1997,52.78
2025-07-14,1062,2000,53.1
2025-07-15,1008,2000,50.4
2025-07-16,965,2000,48.25
2025-07-17,935,2000,46.75
2025-07-18,972,2001,48.58
2025-07-21,976,2002,48.75
2025-07-22,979,2003,48.88
2025-07-23,979,2004,48.85
2025-07-24,982,2005,48.98
2025-07-25,1079,2005,53.82
2025-07-28,1168,2005,58.25
2025-07-29,1115,2005,55.61
2025-07-30,1104,2006,55.03
2025-07-31,1139,2006,56.78
2025-08-01,1204,2007,59.99
2025-08-04,1176,2008,58.57
2025-08-05,1188,2009,59.13
2025-08-06,1232,2010,61.29
2025-08-07,1234,2010,61.39
2025-08-08,1287,2011,64.0
2025-08-11,1285,2011,63.9
2025-08-12,1258,2011,62.56
2025-08-13,1236,2012,61.43
2025-08-14,1261,2013,62.64
2025-08-18,1234,2013,61.3
2025-08-19,1190,2015,59.06
2025-08-20,1165,2016,57.79
2025-08-21,1149,2016,56.99
2025-08-22,1178,2017,58.4
2025-08-25,1165,2017,57.76
2025-08-26,1247,2018,61.79
2025-08-28,1289,2018,63.88
2025-08-29,1293,2018,64.07
2025-09-01,1229,2018,60.9
2025-09-02,1204,2020,59.6
2025-09-03,1152,2022,56.97
2025-09-04,1180,2025,58.27
2025-09-05,1174,2025,57.98
2025-09-08,1158,2025,57.19
2025-09-09,1150,2025,56.79
2025-09-10,1119,2026,55.23
2025-09-11,1102,2027,54.37
2025-09-12,1088,2027,53.68
2025-09-15,1064,2029,52.44
2025-09-16,1017,2029,50.12
2025-09-17,991,2030,48.82
2025-09-18,987,2030,48.62
2025-09-19,970,2030,47.78
2025-09-22,1014,2030,49.95
2025-09-23,1013,2030,49.9
2025-09-24,1061,2031,52.24
2025-09-25,1105,2032,54.38
2025-09-26,1194,2032,58.76
2025-09-29,1207,2032,59.4
2025-09-30,1208,2034,59.39
2025-10-01,1144,2034,56.24
2025-10-03,1089,2034,53.54
2025-10-06,1106,2034,54.38
2025-10-07,1087,2037,53.36
2025-10-08,1096,2038,53.78
2025-10-09,1095,2040,53.68
2025-10-10,1070,2040,52.45
2025-10-13,1113,2040,54.56
2025-10-14,1164,2040,57.06
2025-10-15,1141,2045,55.79
2025-10-16,1105,2048,53.96
2025-10-17,1127,2049,55.0
2025-10-20,1113,2049,54.32
2025-10-21,1068,2049,52.12
2025-10-23,1058,2049,51.63
2025-10-24,1062,2049,51.83
2025-10-27,1055,2050,51.46
2025-10-28,1060,2050,51.71
2025-10-29,1013,2050,49.41
2025-10-30,1017,2050,49.61
2025-10-31,1034,2051,50.41
2025-11-03,1014,2052,49.42
2025-11-04,1060,2053,51.63
2025-11-06,1150,2053,56.02
2025-11-07,1154,2054,56.18
2025-11-10,1166,2055,56.74
2025-11-11,1182,2055,57.52
2025-11-12,1133,2055,55.13
2025-11-13,1154,2056,56.13
2025-11-14,1152,2057,56.0
2025-11-17,1140,2057,55.42
2025-11-18,1183,2057,57.51
2025-11-19,1204,2058,58.5
2025-11-20,1209,2059,58.72
2025-11-21,1272,2059,61.78
2025-11-24,1335,2059,64.84
2025-11-25,1320,2060,64.08
2025-11-26,1272,2061,61.72
2025-11-27,1271,2062,61.64
2025-11-28,1275,2063,61.8
2025-12-01,1288,2066,62.34
2025-12-02,1301,2066,62.97
2025-12-03,1334,2066,64.57
2025-12-04,1343,2066,65.0
2025-12-05,1360,2066,65.83
2025-12-08,1460,2067,70.63
2025-12-09,1416,2069,68.44
2025-12-10,1428,2069,69.02
2025-12-11,1409,2069,68.1
2025-12-12,1383,2070,66.81
2025-12-15,1369,2070,66.14
2025-12-16,1393,2072,67.23
2025-12-17,1421,2073,68.55
2025-12-18,1443,2073,69.61
2025-12-19,1395,2073,67.29
2025-12-22,1361,2073,65.65
2025-12-23,1349,2073,65.07
2025-12-24,1359,2073,65.56
2025-12-26,1371,2073,66.14
2025-12-29,1406,2073,67.82
2025-12-30,1419,2073,68.45
2025-12-31,1373,2074,66.2
2026-01-01,1369,2074,66.01
2026-01-02,1331,2074,64.18
2026-01-05,1347,2074,64.95
2026-01-06,1372,2074,66.15
2026-01-07,1358,2075,65.45
2026-01-08,1458,2076,70.23
2026-01-09,1508,2076,72.64
2026-01-12,1536,2078,73.92
2026-01-13,1532,2078,73.72
2026-01-14,1520,2078,73.15
2026-01-15,1520,2078,73.15
2026-01-16,1545,2078,74.35
2026-01-19,1587,2078,76.37
2026-01-20,1671,2078,80.41
2026-01-21,1701,2078,81.86
2026-01-22,1655,2078,79.64
2026-01-23,1700,2078,81.81
2026-01-27,1712,2080,82.31
2026-01-28,1667,2080,80.14
2026-01-29,1664,2081,79.96
2026-01-30,1635,2081,78.57
2026-02-02,1670,2081,80.25
2026-02-03,1577,2081,75.78
2026-02-04,1557,2083,74.75
2026-02-05,1572,2083,75.47
2026-02-06,1576,2084,75.62
2026-02-09,1496,2084,71.79
2026-02-10,1479,2084,70.97
2026-02-11,1479,2084,70.97
2026-02-12,1504,2084,72.17
2026-02-13,1553,2084,74.52
2026-02-16,1570,2084,75.34
2026-02-17,1537,2070,74.25
2026-02-18,1530,2071,73.88
2026-02-19,1535,2071,74.12
